2026-04-11 17:29:56  INFO     ============================================================
2026-04-11 17:29:56  INFO     music-orga-auto  –  2026-04-11 17:29:56
2026-04-11 17:29:56  INFO     [EXÉCUTION]  Racine : /home/papaours/Musique
2026-04-11 17:29:56  INFO     Fichiers audio trouvés : 7625
2026-04-11 17:29:56  INFO     ── Étape 1 : détection et suppression des fichiers superflus ──
2026-04-11 17:29:56  INFO       🗑️  Angèle/Fever (Feder Remix)/Fever - Feder Remix - Dua Lipa, Angèle, Feder.flac
2026-04-11 17:29:56  INFO       🗑️  Angèle/Fever (Myd Remix)/Fever - Myd Remix - Dua Lipa, Angèle, Myd.flac
2026-04-11 17:29:56  INFO       🗑️  Angèle/Fever (Oklou Remix)/Fever - Oklou Remix - Dua Lipa, Angèle, Oklou.flac
2026-04-11 17:29:56  INFO       🗑️  Angèle/Fever (Vantage Remix)/Fever - Vantage Remix - Dua Lipa, Angèle, Vantage.flac
2026-04-11 17:29:56  INFO       🗑️  Arctic Monkeys/Arabella (Live At The Royal Albert Hall)/505 - Live - Arctic Monkeys.flac
2026-04-11 17:29:56  INFO       🗑️  Arctic Monkeys/Arabella (Live At The Royal Albert Hall)/Arabella - Live - Arctic Monkeys.flac
2026-04-11 17:29:56  INFO       🗑️  Arctic Monkeys/Live at the Royal Albert Hall/Brianstorm - Live - Arctic Monkeys.flac
2026-04-11 17:29:56  INFO       🗑️  Arctic Monkeys/Live at the Royal Albert Hall/Cornerstone - Live - Arctic Monkeys.flac
2026-04-11 17:29:56  INFO       🗑️  Arctic Monkeys/Live at the Royal Albert Hall/Crying Lightning - Live - Arctic Monkeys.flac
2026-04-11 17:29:56  INFO       🗑️  Arctic Monkeys/Live at the Royal Albert Hall/Do I Wanna Know - Live - Arctic Monkeys.flac
2026-04-11 17:29:56  INFO       🗑️  Arctic Monkeys/Live at the Royal Albert Hall/Do Me A Favour - Live - Arctic Monkeys.flac
2026-04-11 17:29:56  INFO       🗑️  Arctic Monkeys/Live at the Royal Albert Hall/Don't Sit Down 'Cause I've Moved Your Chair - Live - Arctic Monkeys.flac
2026-04-11 17:29:56  INFO       🗑️  Arctic Monkeys/Live at the Royal Albert Hall/Four Out Of Five - Live - Arctic Monkeys.flac
2026-04-11 17:29:56  INFO       🗑️  Arctic Monkeys/Live at the Royal Albert Hall/From The Ritz To The Rubble - Live - Arctic Monkeys.flac
2026-04-11 17:29:56  INFO       🗑️  Arctic Monkeys/Live at the Royal Albert Hall/I Bet You Look Good On The Dancefloor - Live - Arctic Monkeys.flac
2026-04-11 17:29:56  INFO       🗑️  Arctic Monkeys/Live at the Royal Albert Hall/Knee Socks - Live - Arctic Monkeys.flac
2026-04-11 17:29:56  INFO       🗑️  Arctic Monkeys/Live at the Royal Albert Hall/One Point Perspective - Live - Arctic Monkeys.flac
2026-04-11 17:29:56  INFO       🗑️  Arctic Monkeys/Live at the Royal Albert Hall/Pretty Visitors - Live - Arctic Monkeys.flac
2026-04-11 17:29:56  INFO       🗑️  Arctic Monkeys/Live at the Royal Albert Hall/R U Mine - Live - Arctic Monkeys.flac
2026-04-11 17:29:56  INFO       🗑️  Arctic Monkeys/Live at the Royal Albert Hall/She Looks Like Fun - Live - Arctic Monkeys.flac
2026-04-11 17:29:56  INFO       🗑️  Arctic Monkeys/Live at the Royal Albert Hall/Star Treatment - Live - Arctic Monkeys.flac
2026-04-11 17:29:56  INFO       🗑️  Arctic Monkeys/Live at the Royal Albert Hall/The View From The Afternoon - Live - Arctic Monkeys.flac
2026-04-11 17:29:56  INFO       🗑️  Arctic Monkeys/Live at the Royal Albert Hall/Tranquility Base Hotel & Casino - Live - Arctic Monkeys.flac
2026-04-11 17:29:56  INFO       🗑️  Arctic Monkeys/Live at the Royal Albert Hall/Why'd You Only Call Me When You're High - Live - Arctic Monkeys.flac
2026-04-11 17:29:56  INFO       🗑️  Arctic Monkeys/Tranquility Base Hotel & Casino/The World's First Ever Monster Truck Front Flip - Arctic Monkeys.flac
2026-04-11 17:29:56  INFO       🗑️  Ariana Grande/34+35 (Remix)/34+35 Remix (feat. Doja Cat, Megan Thee Stallion) - Remix - Ariana Grande, Doja Cat, Megan Thee Stallion.flac
2026-04-11 17:29:56  INFO       🗑️  Ariana Grande/7 rings (Remix)/7 rings (feat. 2 Chainz) - Remix - Ariana Grande, 2 Chainz.flac
2026-04-11 17:29:56  INFO       🗑️  Ariana Grande/Bang Bang/Bang Bang - A Cappella - Jessie J, Ariana Grande, Nicki Minaj.flac
2026-04-11 17:29:56  INFO       🗑️  Ariana Grande/Bang Bang/Bang Bang - Instrumental - Jessie J, Ariana Grande, Nicki Minaj.flac
2026-04-11 17:29:56  INFO       🗑️  Ariana Grande/Bang Bang (Remixes)/Bang Bang - 3LAU Remix - Jessie J, Ariana Grande, Nicki Minaj.flac
2026-04-11 17:29:56  INFO       🗑️  Ariana Grande/Bang Bang (Remixes)/Bang Bang - Dada Life Remix - Jessie J, Ariana Grande, Nicki Minaj, Dada Life.flac
2026-04-11 17:29:56  INFO       🗑️  Ariana Grande/Bang Bang (Remixes)/Bang Bang - Imanos & Gramercy Remix - Jessie J, Ariana Grande, Nicki Minaj, Imanos, Gramercy.flac
2026-04-11 17:29:56  INFO       🗑️  Ariana Grande/Bang Bang (Remixes)/Bang Bang - Kat Krazy Remix - Jessie J, Ariana Grande, Nicki Minaj, Kat Krazy.flac
2026-04-11 17:29:56  INFO       🗑️  Ariana Grande/Bang Bang (Remixes)/Bang Bang - Super Stylers Remix - Jessie J, Ariana Grande, Nicki Minaj, Superstylers.flac
2026-04-11 17:29:56  INFO       🗑️  Ariana Grande/Break Free/Break Free - A Cappella - Ariana Grande.flac
2026-04-11 17:29:56  INFO       🗑️  Ariana Grande/Break Free/Break Free - Instrumental - Ariana Grande, Zedd.flac
2026-04-11 17:29:56  INFO       🗑️  Ariana Grande/For Good (from Wicked_ For Good - The Soundtrack)/For Good - Edit - Cynthia Erivo, Ariana Grande.flac
2026-04-11 17:29:56  INFO       🗑️  Ariana Grande/For Good (from Wicked_ For Good - The Soundtrack)/For Good - Live from the Gershwin Theatre - Cynthia Erivo, Ariana Grande, Idina Menzel, Kristin Chenoweth.flac
2026-04-11 17:29:56  INFO       🗑️  Ariana Grande/Good as Hell (feat. Ariana Grande) [Remix]/Good as Hell (feat. Ariana Grande) - Remix - Lizzo, Ariana Grande.flac
2026-04-11 17:29:56  INFO       🗑️  Ariana Grande/Into You (3LAU Remix)/Into You - 3LAU Remix - Ariana Grande, 3LAU.flac
2026-04-11 17:29:56  INFO       🗑️  Ariana Grande/Into You (Alex Ghenea Remix)/Into You - Alex Ghenea Remix - Ariana Grande, Mac Miller, Alex Ghenea.flac
2026-04-11 17:29:56  INFO       🗑️  Ariana Grande/My Everything (Tenth Anniversary Edition)/Intro - Ariana Grande.flac
2026-04-11 17:29:56  INFO       🗑️  Ariana Grande/One Last Time/One Last Time - A Cappella - Ariana Grande.flac
2026-04-11 17:29:56  INFO       🗑️  Ariana Grande/One Last Time/One Last Time - Instrumental - Ariana Grande.flac
2026-04-11 17:29:56  INFO       🗑️  Ariana Grande/Positions (Deluxe)/someone like u - interlude - Ariana Grande.flac
2026-04-11 17:29:56  INFO       🗑️  Ariana Grande/Positions (Vevo Official Live Performances)/34+35 - live from Vevo - Ariana Grande.flac
2026-04-11 17:29:56  INFO       🗑️  Ariana Grande/Positions (Vevo Official Live Performances)/my hair - live from Vevo - Ariana Grande.flac
2026-04-11 17:29:56  INFO       🗑️  Ariana Grande/Positions (Vevo Official Live Performances)/off the table (with The Weeknd) - live from Vevo - Ariana Grande, The Weeknd.flac
2026-04-11 17:29:56  INFO       🗑️  Ariana Grande/Positions (Vevo Official Live Performances)/positions - live from Vevo - Ariana Grande.flac
2026-04-11 17:29:56  INFO       🗑️  Ariana Grande/Positions (Vevo Official Live Performances)/pov - live from Vevo - Ariana Grande.flac
2026-04-11 17:29:56  INFO       🗑️  Ariana Grande/Positions (Vevo Official Live Performances)/safety net (feat. Ty Dolla $ign) - live from Vevo - Ariana Grande, Ty Dolla $ign.flac
2026-04-11 17:29:56  INFO       🗑️  Ariana Grande/Problem/Problem - A Cappella - Ariana Grande, Iggy Azalea.flac
2026-04-11 17:29:56  INFO       🗑️  Ariana Grande/Problem/Problem - Dawin Remix - Ariana Grande, Iggy Azalea, Dawin.flac
2026-04-11 17:29:56  INFO       🗑️  Ariana Grande/Problem/Problem - Instrumental - Ariana Grande.flac
2026-04-11 17:29:56  INFO       🗑️  Ariana Grande/Problem/Problem - Kassiano Remix - Ariana Grande, Iggy Azalea, KASSIANO.flac
2026-04-11 17:29:56  INFO       🗑️  Ariana Grande/Problem/Problem - Noodles & Devastator Remix - Ariana Grande, Iggy Azalea, DJ Noodles, Devastator Devastator.flac
2026-04-11 17:29:56  INFO       🗑️  Ariana Grande/Santa, Can’t You Hear Me (Live)/Santa, Can’t You Hear Me - Live - Kelly Clarkson, Ariana Grande.flac
2026-04-11 17:29:56  INFO       🗑️  Ariana Grande/Side To Side (Remixes)/Side To Side - Phantoms Remix - Ariana Grande, Nicki Minaj, Phantoms.flac
2026-04-11 17:29:56  INFO       🗑️  Ariana Grande/Side To Side (Remixes)/Side To Side - Slushii Remix - Ariana Grande, Nicki Minaj, Slushii.flac
2026-04-11 17:29:56  INFO       🗑️  Ariana Grande/Somewhere Over The Rainbow (Live From Manchester)/Somewhere Over The Rainbow - Live From Manchester - Ariana Grande.flac
2026-04-11 17:29:56  INFO       🗑️  Ariana Grande/Wicked_ One Wonderful Night (Live) – The Soundtrack/Dancing Through Life - Live from the Dolby Theatre - Bowen Yang, Ethan Slater, Marissa Bode.flac
2026-04-11 17:29:56  INFO       🗑️  Ariana Grande/Wicked_ One Wonderful Night (Live) – The Soundtrack/Defying Gravity - Live from the Dolby Theatre - Cynthia Erivo.flac
2026-04-11 17:29:56  INFO       🗑️  Ariana Grande/Wicked_ One Wonderful Night (Live) – The Soundtrack/Get Happy Happy Days Are Here Again - Live from the Dolby Theatre - Cynthia Erivo, Ariana Grande.flac
2026-04-11 17:29:56  INFO       🗑️  Ariana Grande/Wicked_ One Wonderful Night (Live) – The Soundtrack/I’m Not That Girl - Live from the Dolby Theatre - Cynthia Erivo.flac
2026-04-11 17:29:56  INFO       🗑️  Ariana Grande/Wicked_ One Wonderful Night (Live) – The Soundtrack/Overture No One Mourns the Wicked - Live from the Dolby Theatre - Ariana Grande.flac
2026-04-11 17:29:56  INFO       🗑️  Ariana Grande/Wicked_ One Wonderful Night (Live) – The Soundtrack/Popular - Live from the Dolby Theatre - Ariana Grande.flac
2026-04-11 17:29:56  INFO       🗑️  Ariana Grande/Wicked_ One Wonderful Night (Live) – The Soundtrack/Thank Goodness - Live from the Dolby Theatre - Ariana Grande.flac
2026-04-11 17:29:56  INFO       🗑️  Ariana Grande/Wicked_ One Wonderful Night (Live) – The Soundtrack/The Wizard And I - Live from the Dolby Theatre - Cynthia Erivo, Jeff Goldblum.flac
2026-04-11 17:29:56  INFO       🗑️  Ariana Grande/Wicked_ One Wonderful Night (Live) – The Soundtrack/What Is This Feeling Dear Old Shiz - Live from the Dolby Theatre - Cynthia Erivo, Ariana Grande.flac
2026-04-11 17:29:56  INFO       🗑️  Ariana Grande/Wicked_ The Soundtrack/Defying Gravity - Edit - Cynthia Erivo, Ariana Grande.flac
2026-04-11 17:29:56  INFO       🗑️  Ariana Grande/Wicked_ The Soundtrack/Popular - Edit - Ariana Grande.flac
2026-04-11 17:29:56  INFO       🗑️  Ariana Grande/Wicked_ The Soundtrack (Commentary)/Ozdust Duet (Bonus Track) - Commentary - Ariana Grande, Cynthia Erivo.flac
2026-04-11 17:29:56  INFO       🗑️  Ariana Grande/Wicked_ The Soundtrack (Commentary)/Ozdust Duet - Bonus Track - The Wicked Orchestra.flac
2026-04-11 17:29:56  INFO       🗑️  Ariana Grande/Yours Truly (Tenth Anniversary Edition)/Baby I - Live from London - Ariana Grande.flac
2026-04-11 17:29:56  INFO       🗑️  Ariana Grande/Yours Truly (Tenth Anniversary Edition)/Daydreamin' - Live from London - Ariana Grande.flac
2026-04-11 17:29:56  INFO       🗑️  Ariana Grande/Yours Truly (Tenth Anniversary Edition)/Honeymoon Avenue - Live from London - Ariana Grande.flac
2026-04-11 17:29:56  INFO       🗑️  Ariana Grande/Yours Truly (Tenth Anniversary Edition)/Right There - Live from London (feat. Big Sean) - Ariana Grande, Big Sean.flac
2026-04-11 17:29:56  INFO       🗑️  Ariana Grande/Yours Truly (Tenth Anniversary Edition)/Tattooed Heart - Live from London - Ariana Grande.flac
2026-04-11 17:29:56  INFO       🗑️  Ariana Grande/Yours Truly (Tenth Anniversary Edition)/The Way - Live from London (feat. Mac Miller) - Ariana Grande, Mac Miller.flac
2026-04-11 17:29:56  INFO       🗑️  Ariana Grande/eternal sunshine (slightly deluxe and also live)/don’t wanna break up again - live version - Ariana Grande.flac
2026-04-11 17:29:56  INFO       🗑️  Ariana Grande/eternal sunshine (slightly deluxe and also live)/eternal sunshine - live version - Ariana Grande.flac
2026-04-11 17:29:56  INFO       🗑️  Ariana Grande/eternal sunshine (slightly deluxe and also live)/imperfect for you - acoustic - Ariana Grande.flac
2026-04-11 17:29:56  INFO       🗑️  Ariana Grande/eternal sunshine (slightly deluxe and also live)/imperfect for you - live version - Ariana Grande.flac
2026-04-11 17:29:56  INFO       🗑️  Ariana Grande/eternal sunshine (slightly deluxe and also live)/intro (end of the world) - live version - Ariana Grande.flac
2026-04-11 17:29:56  INFO       🗑️  Ariana Grande/eternal sunshine (slightly deluxe and also live)/supernatural (with Troye Sivan) - remix - Ariana Grande, Troye Sivan.flac
2026-04-11 17:29:56  INFO       🗑️  Ariana Grande/eternal sunshine (slightly deluxe and also live)/the boy is mine (with Brandy, Monica) - Remix - Ariana Grande, Brandy, Monica.flac
2026-04-11 17:29:56  INFO       🗑️  Ariana Grande/eternal sunshine (slightly deluxe and also live)/we can’t be friends (wait for your love) - live version - Ariana Grande.flac
2026-04-11 17:29:56  INFO       🗑️  Ariana Grande/eternal sunshine (slightly deluxe and also live)/yes, and (with Mariah Carey) - Remix - Ariana Grande, Mariah Carey.flac
2026-04-11 17:29:56  INFO       🗑️  Ariana Grande/eternal sunshine (slightly deluxe and also live)/yes, and - live version - Ariana Grande.flac
2026-04-11 17:29:56  INFO       🗑️  Ariana Grande/eternal sunshine deluxe_ brighter days ahead/Saturn Returns Interlude - Ariana Grande.flac
2026-04-11 17:29:56  INFO       🗑️  Ariana Grande/eternal sunshine deluxe_ brighter days ahead/intro (end of the world) - Ariana Grande.flac
2026-04-11 17:29:56  INFO       🗑️  Ariana Grande/eternal sunshine deluxe_ brighter days ahead/intro (end of the world) - extended - Ariana Grande.flac
2026-04-11 17:29:56  INFO       🗑️  Ariana Grande/eternal sunshine deluxe_ brighter days ahead (a cappella version)/Hampstead - a cappella - Ariana Grande.flac
2026-04-11 17:29:56  INFO       🗑️  Ariana Grande/eternal sunshine deluxe_ brighter days ahead (a cappella version)/Saturn Returns Interlude - a cappella - Ariana Grande.flac
2026-04-11 17:29:56  INFO       🗑️  Ariana Grande/eternal sunshine deluxe_ brighter days ahead (a cappella version)/bye - a cappella - Ariana Grande.flac
2026-04-11 17:29:56  INFO       🗑️  Ariana Grande/eternal sunshine deluxe_ brighter days ahead (a cappella version)/dandelion - a cappella - Ariana Grande.flac
2026-04-11 17:29:56  INFO       🗑️  Ariana Grande/eternal sunshine deluxe_ brighter days ahead (a cappella version)/don't wanna break up again - a cappella - Ariana Grande.flac
2026-04-11 17:29:56  INFO       🗑️  Ariana Grande/eternal sunshine deluxe_ brighter days ahead (a cappella version)/eternal sunshine - a cappella - Ariana Grande.flac
2026-04-11 17:29:56  INFO       🗑️  Ariana Grande/eternal sunshine deluxe_ brighter days ahead (a cappella version)/i wish i hated you - a cappella - Ariana Grande.flac
2026-04-11 17:29:56  INFO       🗑️  Ariana Grande/eternal sunshine deluxe_ brighter days ahead (a cappella version)/imperfect for you - a cappella - Ariana Grande.flac
2026-04-11 17:29:56  INFO       🗑️  Ariana Grande/eternal sunshine deluxe_ brighter days ahead (a cappella version)/intro (end of the world) - a cappella - Ariana Grande.flac
2026-04-11 17:29:56  INFO       🗑️  Ariana Grande/eternal sunshine deluxe_ brighter days ahead (a cappella version)/intro (end of the world) - extended a cappella - Ariana Grande.flac
2026-04-11 17:29:56  INFO       🗑️  Ariana Grande/eternal sunshine deluxe_ brighter days ahead (a cappella version)/ordinary things (feat. Nonna) - a cappella - Ariana Grande, Nonna.flac
2026-04-11 17:29:56  INFO       🗑️  Ariana Grande/eternal sunshine deluxe_ brighter days ahead (a cappella version)/past life - a cappella - Ariana Grande.flac
2026-04-11 17:29:56  INFO       🗑️  Ariana Grande/eternal sunshine deluxe_ brighter days ahead (a cappella version)/the boy is mine - a cappella - Ariana Grande.flac
2026-04-11 17:29:56  INFO       🗑️  Ariana Grande/eternal sunshine deluxe_ brighter days ahead (a cappella version)/true story - a cappella - Ariana Grande.flac
2026-04-11 17:29:56  INFO       🗑️  Ariana Grande/eternal sunshine deluxe_ brighter days ahead (a cappella version)/warm - a cappella - Ariana Grande.flac
2026-04-11 17:29:56  INFO       🗑️  Ariana Grande/eternal sunshine deluxe_ brighter days ahead (a cappella version)/we can't be friends (wait for your love) - a cappella - Ariana Grande.flac
2026-04-11 17:29:56  INFO       🗑️  Ariana Grande/eternal sunshine deluxe_ brighter days ahead (a cappella version)/yes, and - a cappella - Ariana Grande.flac
2026-04-11 17:29:56  INFO       🗑️  Ariana Grande/eternal sunshine deluxe_ brighter days ahead (instrumental version)/Hampstead - instrumental - Ariana Grande.flac
2026-04-11 17:29:56  INFO       🗑️  Ariana Grande/eternal sunshine deluxe_ brighter days ahead (instrumental version)/Saturn Returns Interlude - instrumental - Ariana Grande.flac
2026-04-11 17:29:56  INFO       🗑️  Ariana Grande/eternal sunshine deluxe_ brighter days ahead (instrumental version)/bye - instrumental - Ariana Grande.flac
2026-04-11 17:29:56  INFO       🗑️  Ariana Grande/eternal sunshine deluxe_ brighter days ahead (instrumental version)/dandelion - instrumental - Ariana Grande.flac
2026-04-11 17:29:56  INFO       🗑️  Ariana Grande/eternal sunshine deluxe_ brighter days ahead (instrumental version)/don't wanna break up again - instrumental - Ariana Grande.flac
2026-04-11 17:29:56  INFO       🗑️  Ariana Grande/eternal sunshine deluxe_ brighter days ahead (instrumental version)/eternal sunshine - instrumental - Ariana Grande.flac
2026-04-11 17:29:56  INFO       🗑️  Ariana Grande/eternal sunshine deluxe_ brighter days ahead (instrumental version)/i wish i hated you - instrumental - Ariana Grande.flac
2026-04-11 17:29:56  INFO       🗑️  Ariana Grande/eternal sunshine deluxe_ brighter days ahead (instrumental version)/imperfect for you - instrumental - Ariana Grande.flac
2026-04-11 17:29:56  INFO       🗑️  Ariana Grande/eternal sunshine deluxe_ brighter days ahead (instrumental version)/intro (end of the world) - extended instrumental - Ariana Grande.flac
2026-04-11 17:29:56  INFO       🗑️  Ariana Grande/eternal sunshine deluxe_ brighter days ahead (instrumental version)/intro (end of the world) - instrumental - Ariana Grande.flac
2026-04-11 17:29:56  INFO       🗑️  Ariana Grande/eternal sunshine deluxe_ brighter days ahead (instrumental version)/ordinary things (feat. Nonna) - instrumental - Ariana Grande, Nonna.flac
2026-04-11 17:29:56  INFO       🗑️  Ariana Grande/eternal sunshine deluxe_ brighter days ahead (instrumental version)/past life - instrumental - Ariana Grande.flac
2026-04-11 17:29:56  INFO       🗑️  Ariana Grande/eternal sunshine deluxe_ brighter days ahead (instrumental version)/the boy is mine - instrumental - Ariana Grande.flac
2026-04-11 17:29:56  INFO       🗑️  Ariana Grande/eternal sunshine deluxe_ brighter days ahead (instrumental version)/true story - instrumental - Ariana Grande.flac
2026-04-11 17:29:56  INFO       🗑️  Ariana Grande/eternal sunshine deluxe_ brighter days ahead (instrumental version)/warm - instrumental - Ariana Grande.flac
2026-04-11 17:29:56  INFO       🗑️  Ariana Grande/eternal sunshine deluxe_ brighter days ahead (instrumental version)/we can't be friends (wait for your love) - instrumental - Ariana Grande.flac
2026-04-11 17:29:56  INFO       🗑️  Ariana Grande/eternal sunshine deluxe_ brighter days ahead (instrumental version)/yes, and - instrumental - Ariana Grande.flac
2026-04-11 17:29:56  INFO       🗑️  Ariana Grande/k bye for now (swt live)/7 rings - live - Ariana Grande.flac
2026-04-11 17:29:56  INFO       🗑️  Ariana Grande/k bye for now (swt live)/bad idea - live - Ariana Grande.flac
2026-04-11 17:29:56  INFO       🗑️  Ariana Grande/k bye for now (swt live)/be alright - live - Ariana Grande.flac
2026-04-11 17:29:56  INFO       🗑️  Ariana Grande/k bye for now (swt live)/break free - live - Ariana Grande.flac
2026-04-11 17:29:56  INFO       🗑️  Ariana Grande/k bye for now (swt live)/break up with your girlfriend, i'm bored - live - Ariana Grande.flac
2026-04-11 17:29:56  INFO       🗑️  Ariana Grande/k bye for now (swt live)/break your heart right back - live - Ariana Grande, Childish Gambino.flac
2026-04-11 17:29:56  INFO       🗑️  Ariana Grande/k bye for now (swt live)/breathin - live - Ariana Grande.flac
2026-04-11 17:29:56  INFO       🗑️  Ariana Grande/k bye for now (swt live)/dangerous woman - live - Ariana Grande.flac
2026-04-11 17:29:56  INFO       🗑️  Ariana Grande/k bye for now (swt live)/everytime - live - Ariana Grande.flac
2026-04-11 17:29:56  INFO       🗑️  Ariana Grande/k bye for now (swt live)/fake smile - live - Ariana Grande.flac
2026-04-11 17:29:56  INFO       🗑️  Ariana Grande/k bye for now (swt live)/get well soon - live - Ariana Grande.flac
2026-04-11 17:29:56  INFO       🗑️  Ariana Grande/k bye for now (swt live)/god is a woman - live - Ariana Grande.flac
2026-04-11 17:29:56  INFO       🗑️  Ariana Grande/k bye for now (swt live)/goodnight n go - live - Ariana Grande.flac
2026-04-11 17:29:56  INFO       🗑️  Ariana Grande/k bye for now (swt live)/in my head interlude - live - Ariana Grande.flac
2026-04-11 17:29:56  INFO       🗑️  Ariana Grande/k bye for now (swt live)/into you - live - Ariana Grande.flac
2026-04-11 17:29:56  INFO       🗑️  Ariana Grande/k bye for now (swt live)/love me harder - live - Ariana Grande.flac
2026-04-11 17:29:56  INFO       🗑️  Ariana Grande/k bye for now (swt live)/make up - live - Ariana Grande.flac
2026-04-11 17:29:56  INFO       🗑️  Ariana Grande/k bye for now (swt live)/my heart belongs to daddy - live - Ariana Grande.flac
2026-04-11 17:29:56  INFO       🗑️  Ariana Grande/k bye for now (swt live)/nasa - live - Ariana Grande.flac
2026-04-11 17:29:56  INFO       🗑️  Ariana Grande/k bye for now (swt live)/needy - live - Ariana Grande.flac
2026-04-11 17:29:56  INFO       🗑️  Ariana Grande/k bye for now (swt live)/no tears left to cry - live - Ariana Grande.flac
2026-04-11 17:29:56  INFO       🗑️  Ariana Grande/k bye for now (swt live)/only 1 - live - Ariana Grande.flac
2026-04-11 17:29:56  INFO       🗑️  Ariana Grande/k bye for now (swt live)/r.e.m - live - Ariana Grande.flac
2026-04-11 17:29:56  INFO       🗑️  Ariana Grande/k bye for now (swt live)/raindrops (an angel cried) - live - Ariana Grande.flac
2026-04-11 17:29:56  INFO       🗑️  Ariana Grande/k bye for now (swt live)/right there - live - Ariana Grande, Big Sean.flac
2026-04-11 17:29:56  INFO       🗑️  Ariana Grande/k bye for now (swt live)/side to side - live - Ariana Grande, Nicki Minaj.flac
2026-04-11 17:29:56  INFO       🗑️  Ariana Grande/k bye for now (swt live)/successful - live - Ariana Grande.flac
2026-04-11 17:29:56  INFO       🗑️  Ariana Grande/k bye for now (swt live)/sweetener - live - Ariana Grande.flac
2026-04-11 17:29:56  INFO       🗑️  Ariana Grande/k bye for now (swt live)/tattooed heart - live - Ariana Grande.flac
2026-04-11 17:29:56  INFO       🗑️  Ariana Grande/k bye for now (swt live)/thank u, next - live - Ariana Grande.flac
2026-04-11 17:29:56  INFO       🗑️  Ariana Grande/k bye for now (swt live)/the light is coming - live - Ariana Grande, Nicki Minaj.flac
2026-04-11 17:29:56  INFO       🗑️  Ariana Grande/k bye for now (swt live)/you'll never know - live - Ariana Grande.flac
2026-04-11 17:29:56  INFO       🗑️  Ariana Grande/supernatural/supernatural - a cappella - Ariana Grande.flac
2026-04-11 17:29:56  INFO       🗑️  Ariana Grande/supernatural/supernatural - instrumental - Ariana Grande.flac
2026-04-11 17:29:56  INFO       🗑️  Ariana Grande/supernatural/supernatural - live version - Ariana Grande.flac
2026-04-11 17:29:56  INFO       🗑️  Ariana Grande/supernatural/supernatural - remix - Ariana Grande, Troye Sivan.flac
2026-04-11 17:29:56  INFO       🗑️  Ariana Grande/the boy is mine/the boy is mine (with Brandy, Monica) – Remix - Ariana Grande, Brandy, Monica.flac
2026-04-11 17:29:56  INFO       🗑️  Ariana Grande/the boy is mine/the boy is mine (with Brandy, Monica) – Remix a cappella - Ariana Grande, Brandy, Monica.flac
2026-04-11 17:29:56  INFO       🗑️  Ariana Grande/the boy is mine/the boy is mine – a cappella - a cappella - Ariana Grande.flac
2026-04-11 17:29:56  INFO       🗑️  Ariana Grande/the boy is mine/the boy is mine – instrumental - instrumental - Ariana Grande.flac
2026-04-11 17:29:56  INFO       🗑️  Ariana Grande/twilight zone/twilight zone - a cappella - Ariana Grande.flac
2026-04-11 17:29:56  INFO       🗑️  Ariana Grande/twilight zone/twilight zone - instrumental - Ariana Grande.flac
2026-04-11 17:29:56  INFO       🗑️  Ariana Grande/we can't be friends (wait for your love)/we can't be friends (wait for your love) – a cappella - Ariana Grande.flac
2026-04-11 17:29:56  INFO       🗑️  Ariana Grande/we can't be friends (wait for your love)/we can't be friends (wait for your love) – instrumental - Ariana Grande.flac
2026-04-11 17:29:56  INFO       🗑️  Ariana Grande/we can't be friends (wait for your love)/we can't be friends (wait for your love) – string version instrumental - Ariana Grande.flac
2026-04-11 17:29:56  INFO       🗑️  Ariana Grande/we can't be friends (wait for your love) [acoustic (live from jungle city studios)]/we can't be friends (wait for your love) - acoustic (live from jungle city studios) - Ariana Grande.flac
2026-04-11 17:29:56  INFO       🗑️  Ariana Grande/yes, and_/yes, and - edit - Ariana Grande.flac
2026-04-11 17:29:56  INFO       🗑️  Ariana Grande/yes, and_/yes, and - extended mix - Ariana Grande.flac
2026-04-11 17:29:56  INFO       🗑️  Ariana Grande/yes, and_/yes, and - extended mix instrumental - Ariana Grande.flac
2026-04-11 17:29:56  INFO       🗑️  Ariana Grande/yes, and_/yes, and - slowed - Ariana Grande.flac
2026-04-11 17:29:56  INFO       🗑️  Ariana Grande/yes, and_/yes, and - sped up - Ariana Grande.flac
2026-04-11 17:29:56  INFO       🗑️  Ariana Grande/yes, and_ (remixes)/yes, and - Felix Jaehn Remix - Ariana Grande, Felix Jaehn.flac
2026-04-11 17:29:56  INFO       🗑️  Ariana Grande/yes, and_ (remixes)/yes, and - Jonas Blue Remix - Ariana Grande, Jonas Blue.flac
2026-04-11 17:29:56  INFO       🗑️  Ava Max/Alone, Pt. II (Live at Château de Fontainebleau)/Alone, Pt. II - Live at Château de Fontainebleau - Alan Walker, Ava Max.flac
2026-04-11 17:29:56  INFO       🗑️  Ava Max/Alone, Pt. II (Remixes)/Alone, Pt. II - Alex Skrindo & Sebastian Wibe Remix - Alan Walker, Ava Max, Alex Skrindo, Sebastian Wibe.flac
2026-04-11 17:29:56  INFO       🗑️  Ava Max/Alone, Pt. II (Remixes)/Alone, Pt. II - Da Tweekaz Remix - Alan Walker, Ava Max, Da Tweekaz.flac
2026-04-11 17:29:56  INFO       🗑️  Ava Max/Alone, Pt. II (Remixes)/Alone, Pt. II - Mio Remix - Alan Walker, Ava Max, Mio.flac
2026-04-11 17:29:56  INFO       🗑️  Ava Max/Alone, Pt. II (Remixes)/Alone, Pt. II - NIVIRO Remix - Alan Walker, Ava Max, NIVIRO.flac
2026-04-11 17:29:56  INFO       🗑️  Ava Max/Alone, Pt. II (Remixes)/Alone, Pt. II - RetroVision Remix - Alan Walker, Ava Max, RetroVision.flac
2026-04-11 17:29:56  INFO       🗑️  Ava Max/Alone, Pt. II (Remixes)/Alone, Pt. II - Rugged Remix - Alan Walker, Ava Max, RUGGED.flac
2026-04-11 17:29:56  INFO       🗑️  Ava Max/Alone, Pt. II (Remixes)/Alone, Pt. II - Toby Romeo Remix - Alan Walker, Ava Max, Toby Romeo.flac
2026-04-11 17:29:56  INFO       🗑️  Ava Max/Car Keys (Ayla) [Remixes]/Car Keys (Ayla) - Ayla x 3lements Remix - Alok, Ava Max, Ayla, 3lements.flac
2026-04-11 17:29:56  INFO       🗑️  Ava Max/Car Keys (Ayla) [Remixes]/Car Keys (Ayla) - Tiësto Extended Mix - Alok, Ava Max, Ayla, Tiësto.flac
2026-04-11 17:29:56  INFO       🗑️  Ava Max/Car Keys (Ayla) [Remixes]/Car Keys (Ayla) - Tiësto Remix - Alok, Ava Max, Ayla, Tiësto.flac
2026-04-11 17:29:56  INFO       🗑️  Ava Max/Clap Your Hands (feat. Ava Max)/Clap Your Hands (feat. Ava Max) - 10k Islands Remix - Le Youth, Ava Max, 10k Islands.flac
2026-04-11 17:29:56  INFO       🗑️  Ava Max/Clap Your Hands (feat. Ava Max)/Clap Your Hands (feat. Ava Max) - Armand Van Helden + Vasta Remix - Le Youth, Ava Max, Armand Van Helden, Vasta.flac
2026-04-11 17:29:56  INFO       🗑️  Ava Max/Clap Your Hands (feat. Ava Max)/Clap Your Hands (feat. Ava Max) - Lliam + Latroit Remix - Le Youth, Ava Max, Lliam + Latroit.flac
2026-04-11 17:29:56  INFO       🗑️  Ava Max/Clap Your Hands (feat. Ava Max)/Clap Your Hands (feat. Ava Max) - SMLE Remix - Le Youth, Ava Max, smle.flac
2026-04-11 17:29:56  INFO       🗑️  Ava Max/Clap Your Hands (feat. Ava Max)/Clap Your Hands (feat. Ava Max) - WE5 Remix - Le Youth, Ava Max, WE5.flac
2026-04-11 17:29:56  INFO       🗑️  Ava Max/EveryTime I Cry (Pink Panda Remix)/EveryTime I Cry - Pink Panda Remix - Ava Max, Pink Panda.flac
2026-04-11 17:29:56  INFO       🗑️  Ava Max/EveryTime I Cry (R3HAB Remix)/EveryTime I Cry - R3HAB Remix - Ava Max, R3HAB.flac
2026-04-11 17:29:56  INFO       🗑️  Ava Max/EveryTime I Cry (Sigala Remix)/EveryTime I Cry - Sigala Remix - Ava Max, Sigala.flac
2026-04-11 17:29:56  INFO       🗑️  Ava Max/Forever Young/Forever Young - Extended - David Guetta, Alphaville, Ava Max.flac
2026-04-11 17:29:56  INFO       🗑️  Ava Max/Freaking Me Out (Ben Bakson Remix)/Freaking Me Out - Ben Bakson Remix - Ava Max, Ben Bakson.flac
2026-04-11 17:29:56  INFO       🗑️  Ava Max/Freaking Me Out (The Remixes)/Freaking Me Out - Bingo Players Remix - Ava Max, Bingo Players.flac
2026-04-11 17:29:56  INFO       🗑️  Ava Max/Freaking Me Out (The Remixes)/Freaking Me Out - Curt Reynolds Remix - Ava Max, Curt Reynolds.flac
2026-04-11 17:29:56  INFO       🗑️  Ava Max/Freaking Me Out (The Remixes)/Freaking Me Out - Keanu Silva Remix - Ava Max, Keanu Silva.flac
2026-04-11 17:29:56  INFO       🗑️  Ava Max/Ghost (Merk & Kremont Extended Remix)/Ghost - Merk & Kremont Extended Remix - Ava Max, Merk & Kremont.flac
2026-04-11 17:29:56  INFO       🗑️  Ava Max/Ghost (Merk & Kremont Remix)/Ghost - Merk & Kremont Remix - Ava Max, Merk & Kremont.flac
2026-04-11 17:29:56  INFO       🗑️  Ava Max/Into Your Arms (feat. Ava Max)/Into Your Arms (feat. Ava Max) - BEAUZ Remix - Witt Lowry, Ava Max, BEAUZ.flac
2026-04-11 17:29:56  INFO       🗑️  Ava Max/Into Your Arms (feat. Ava Max)/Into Your Arms (feat. Ava Max) - Slowed + Reverb - Witt Lowry, Ava Max.flac
2026-04-11 17:29:56  INFO       🗑️  Ava Max/Into Your Arms (feat. Ava Max)/Into Your Arms (feat. Ava Max) - Vice Remix - Witt Lowry, Ava Max, Vice.flac
2026-04-11 17:29:56  INFO       🗑️  Ava Max/Kings & Queens (Acoustic)/Kings & Queens - Acoustic - Ava Max.flac
2026-04-11 17:29:56  INFO       🗑️  Ava Max/Kings & Queens (The Remixes)/Kings & Queens - Danny Verde & Phil Romano Remix - Ava Max, Danny Verde, Phil Romano.flac
2026-04-11 17:29:56  INFO       🗑️  Ava Max/Kings & Queens (The Remixes)/Kings & Queens - Fairlane Remix - Ava Max, Fairlane.flac
2026-04-11 17:29:56  INFO       🗑️  Ava Max/Kings & Queens (The Remixes)/Kings & Queens - James Carter Remix - Ava Max, James Carter.flac
2026-04-11 17:29:56  INFO       🗑️  Ava Max/Kings & Queens (The Remixes)/Kings & Queens - MOTi Remix - Ava Max, MOTi.flac
2026-04-11 17:29:56  INFO       🗑️  Ava Max/Kings & Queens (The Remixes)/Kings & Queens - Until Dawn Remix - Ava Max, Until Dawn.flac
2026-04-11 17:29:56  INFO       🗑️  Ava Max/Lost Your Faith (SONIKKU Remix)/Lost Your Faith (SONIKKU Remix) - Ava Max, SONIKKU.flac
2026-04-11 17:29:56  INFO       🗑️  Ava Max/Make Up (feat. Ava Max) [Acoustic]/Make Up (feat. Ava Max) - Acoustic - Vice, Jason Derulo, Ava Max.flac
2026-04-11 17:29:56  INFO       🗑️  Ava Max/Maybe You’re The Problem (Crush Club Remix)/Maybe You’re The Problem - Crush Club Remix - Ava Max, Crush Club.flac
2026-04-11 17:29:56  INFO       🗑️  Ava Max/Maybe You’re The Problem (Las Bibas From Vizcaya Remix)/Maybe You’re The Problem - Las Bibas From Vizcaya Remix - Ava Max, Las Bibas From Vizcaya.flac
2026-04-11 17:29:56  INFO       🗑️  Ava Max/Maybe You’re The Problem (MOTi Remix)/Maybe You’re The Problem - MOTi Remix - Ava Max, MOTi.flac
2026-04-11 17:29:56  INFO       🗑️  Ava Max/Million Dollar Baby (COASTR. Remix)/Million Dollar Baby - COASTR. Remix - Ava Max, COASTR.flac
2026-04-11 17:29:56  INFO       🗑️  Ava Max/Million Dollar Baby (David Penn Remix)/Million Dollar Baby - David Penn Extended Mix - Ava Max, David Penn.flac
2026-04-11 17:29:56  INFO       🗑️  Ava Max/Million Dollar Baby (David Penn Remix)/Million Dollar Baby - David Penn Remix - Ava Max, David Penn.flac
2026-04-11 17:29:56  INFO       🗑️  Ava Max/Million Dollar Baby (Nathan Dawe Remix)/Million Dollar Baby - Nathan Dawe Remix - Ava Max, Nathan Dawe.flac
2026-04-11 17:29:56  INFO       🗑️  Ava Max/Million Dollar Baby (TELYKast Remix)/Million Dollar Baby - TELYKast Remix - Ava Max, TELYKAST.flac
2026-04-11 17:29:56  INFO       🗑️  Ava Max/My Head & My Heart (Acoustic)/My Head & My Heart - Acoustic - Ava Max.flac
2026-04-11 17:29:56  INFO       🗑️  Ava Max/My Head & My Heart (Claptone Extended Mix)/My Head & My Heart - Claptone Extended Mix - Ava Max, Claptone.flac
2026-04-11 17:29:56  INFO       🗑️  Ava Max/My Head & My Heart (Claptone Remix)/My Head & My Heart - Claptone Remix - Ava Max, Claptone.flac
2026-04-11 17:29:56  INFO       🗑️  Ava Max/My Head & My Heart (Jonas Blue Extended Mix)/My Head & My Heart - Jonas Blue Extended Mix - Ava Max, Jonas Blue.flac
2026-04-11 17:29:56  INFO       🗑️  Ava Max/My Head & My Heart (Jonas Blue Remix)/My Head & My Heart - Jonas Blue Remix - Ava Max, Jonas Blue.flac
2026-04-11 17:29:56  INFO       🗑️  Ava Max/My Head & My Heart (Kastra Remix)/My Head & My Heart - Kastra Remix - Ava Max, Kastra.flac
2026-04-11 17:29:56  INFO       🗑️  Ava Max/My Way/My Way - Julius Jetson Remix - Ava Max, Julius Jetson.flac
2026-04-11 17:29:56  INFO       🗑️  Ava Max/My Way/My Way - SWACQ Remix - Ava Max, SWACQ.flac
2026-04-11 17:29:56  INFO       🗑️  Ava Max/My Way/My Way - Shew Remix - Ava Max, Shew.flac
2026-04-11 17:29:56  INFO       🗑️  Ava Max/Salt (Acoustic)/Salt - Acoustic - Ava Max.flac
2026-04-11 17:29:56  INFO       🗑️  Ava Max/Salt (The Remixes)/Salt - Syn Cole Extended Mix - Ava Max, Syn Cole.flac
2026-04-11 17:29:56  INFO       🗑️  Ava Max/Salt (The Remixes)/Salt - Syn Cole Remix - Ava Max, Syn Cole.flac
2026-04-11 17:29:56  INFO       🗑️  Ava Max/Salt (The Remixes)/Salt - Toby Green Extended Mix - Ava Max, Toby Green.flac
2026-04-11 17:29:56  INFO       🗑️  Ava Max/Salt (The Remixes)/Salt - Toby Green Remix - Ava Max, Toby Green.flac
2026-04-11 17:29:56  INFO       🗑️  Ava Max/So Am I (Analog Acoustic)/So Am I - Analog Acoustic - Ava Max.flac
2026-04-11 17:29:56  INFO       🗑️  Ava Max/So Am I (Steve Void Extended Mix)/So Am I - Steve Void Extended Mix - Ava Max, Steve Void.flac
2026-04-11 17:29:56  INFO       🗑️  Ava Max/So Am I (The Remixes)/So Am I - Deepend Remix - Ava Max, Deepend.flac
2026-04-11 17:29:56  INFO       🗑️  Ava Max/So Am I (The Remixes)/So Am I - Jengi Remix - Ava Max, Jengi.flac
2026-04-11 17:29:56  INFO       🗑️  Ava Max/So Am I (The Remixes)/So Am I - Majestic Remix - Ava Max, Majestic.flac
2026-04-11 17:29:56  INFO       🗑️  Ava Max/So Am I (The Remixes)/So Am I - Martin Jensen Remix - Ava Max, Martin Jensen.flac
2026-04-11 17:29:56  INFO       🗑️  Ava Max/So Am I (The Remixes)/So Am I - Steve Void Dance Remix - Ava Max, Steve Void.flac
2026-04-11 17:29:56  INFO       🗑️  Ava Max/So Am I (The Remixes)/So Am I - Toby Green Remix - Ava Max, Toby Green.flac
2026-04-11 17:29:56  INFO       🗑️  Ava Max/So Am I (The Remixes)/So Am I - Zane Lowe Remix - Ava Max, Zane Lowe.flac
2026-04-11 17:29:56  INFO       🗑️  Ava Max/Sweet but Psycho (Acoustic)/Sweet but Psycho - Acoustic - Ava Max.flac
2026-04-11 17:29:56  INFO       🗑️  Ava Max/Sweet but Psycho (The Remixes)/Sweet but Psycho - Elijah Hill Remix - Ava Max, Elijah Hill.flac
2026-04-11 17:29:56  INFO       🗑️  Ava Max/Sweet but Psycho (The Remixes)/Sweet but Psycho - Kat Krazy Remix - Ava Max, Kat Krazy.flac
2026-04-11 17:29:56  INFO       🗑️  Ava Max/Sweet but Psycho (The Remixes)/Sweet but Psycho - Leon Lour Remix - Ava Max, Leon Lour.flac
2026-04-11 17:29:56  INFO       🗑️  Ava Max/Sweet but Psycho (The Remixes)/Sweet but Psycho - Majestic Remix - Ava Max, Majestic.flac
2026-04-11 17:29:56  INFO       🗑️  Ava Max/Sweet but Psycho (The Remixes)/Sweet but Psycho - Morgan Page Dance Remix - Ava Max, Morgan Page.flac
2026-04-11 17:29:56  INFO       🗑️  Ava Max/Sweet but Psycho (The Remixes)/Sweet but Psycho - Paul Morrell Remix - Ava Max, Morgan Page, Paul Morrell.flac
2026-04-11 17:29:56  INFO       🗑️  Ava Max/Sweet but Psycho (The Remixes)/Sweet but Psycho - Ricky Retro Remix - Ava Max, ricky retro.flac
2026-04-11 17:29:56  INFO       🗑️  Ava Max/The Motto (Remixes)/The Motto - Nathan Dawe Remix - Tiësto, Ava Max, Nathan Dawe.flac
2026-04-11 17:29:56  INFO       🗑️  Ava Max/The Motto (Remixes)/The Motto - Robert Georgescu & White Remix - Tiësto, Ava Max, Robert Georgescu & White.flac
2026-04-11 17:29:56  INFO       🗑️  Ava Max/The Motto (Remixes)/The Motto - Robin Schulz Remix - Tiësto, Ava Max, Robin Schulz.flac
2026-04-11 17:29:56  INFO       🗑️  Ava Max/The Motto (Remixes)/The Motto - Tiësto’s VIP Mix - Tiësto, Ava Max.flac
2026-04-11 17:29:56  INFO       🗑️  Ava Max/The Motto (Remixes)/The Motto - Öwnboss Remix - Tiësto, Ava Max, Öwnboss.flac
2026-04-11 17:29:56  INFO       🗑️  Ava Max/Torn (Micky Friedmann Remix)/Torn - Micky Friedmann Remix - Ava Max, Micky Friedmann, Toni Hauschild.flac
2026-04-11 17:29:56  INFO       🗑️  Ava Max/Torn (The Remixes)/Torn - Adryiano Remix - Ava Max, Adryiano.flac
2026-04-11 17:29:56  INFO       🗑️  Ava Max/Torn (The Remixes)/Torn - Hook N Sling Remix - Ava Max, Hook N Sling.flac
2026-04-11 17:29:56  INFO       🗑️  Ava Max/Torn (The Remixes)/Torn - KREAM Remix - Ava Max, KREAM.flac
2026-04-11 17:29:56  INFO       🗑️  Ava Max/Who's Laughing Now (The Remixes)/Who's Laughing Now - Breathe Carolina Remix - Ava Max, Breathe Carolina.flac
2026-04-11 17:29:56  INFO       🗑️  Ava Max/Who's Laughing Now (The Remixes)/Who's Laughing Now - COASTR. Remix - Ava Max, COASTR.flac
2026-04-11 17:29:56  INFO       🗑️  Ava Max/Who's Laughing Now (The Remixes)/Who's Laughing Now - Cat Dealers Remix - Ava Max, Cat Dealers.flac
2026-04-11 17:29:56  INFO       🗑️  Ava Max/Who's Laughing Now (The Remixes)/Who's Laughing Now - Jordan Jay Remix - Ava Max, Jordan Jay.flac
2026-04-11 17:29:56  INFO       🗑️  Ava Max/Who's Laughing Now (The Remixes)/Who's Laughing Now - KOLIDESCOPES Remix - Ava Max, KOLIDESCOPES.flac
2026-04-11 17:29:56  INFO       🗑️  Bad Bunny/AM Remix/AM Remix - Nio Garcia, J Balvin, Bad Bunny.flac
2026-04-11 17:29:56  INFO       🗑️  Bad Bunny/Amigos y Enemigos (Remix)/Amigos y Enemigos (feat. Bad Bunny & Almighty) - Remix - Trap Capos, Noriel, Bad Bunny, Almighty.flac
2026-04-11 17:29:56  INFO       🗑️  Bad Bunny/Báilame (Remix)/Báilame - Remix - Nacho, Yandel, Bad Bunny, Mambo Kingz, DJ Luian.flac
2026-04-11 17:29:56  INFO       🗑️  Bad Bunny/I Like It/I Like It - Dillon Francis Remix - Cardi B, Bad Bunny, J Balvin, Dillon Francis.flac
2026-04-11 17:29:56  INFO       🗑️  Bad Bunny/Krippy Kush (feat. 21 Savage & Rvssian) [Remix]/Krippy Kush (feat. 21 Savage & Rvssian) - Remix - Farruko, Nicki Minaj, Bad Bunny, 21 Savage, Rvssian.flac
2026-04-11 17:29:56  INFO       🗑️  Bad Bunny/Krippy Kush (feat. Travis Scott & Rvssian) [Travis Scott Remix]/Krippy Kush (feat. Travis Scott & Rvssian) - Travis Scott Remix - Farruko, Nicki Minaj, Bad Bunny, Travis Scott, Rvssian.flac
2026-04-11 17:29:56  INFO       🗑️  Bad Bunny/LAS QUE NO IBAN A SALIR/CÓMO SE SIENTE - Remix - JHAYCO, Bad Bunny.flac
2026-04-11 17:29:56  INFO       🗑️  Bad Bunny/LOYAL (feat. Drake and Bad Bunny) [Remix]/LOYAL (feat. Drake and Bad Bunny) - Remix - PARTYNEXTDOOR, Drake, Bad Bunny.flac
2026-04-11 17:29:56  INFO       🗑️  Bad Bunny/No Me Conoce (Remix)/No Me Conoce - Remix - JHAYCO, J Balvin, Bad Bunny.flac
2026-04-11 17:29:56  INFO       🗑️  Bad Bunny/Panamera (Remix)/Panamera - Remix - Bad Bunny, Arcángel, Almighty, Black Jonas Point, Quimico Ultra Mega.flac
2026-04-11 17:29:56  INFO       🗑️  Bad Bunny/Soltera (Remix)/Soltera (Remix) - Lunay, Daddy Yankee, Bad Bunny.flac
2026-04-11 17:29:56  INFO       🗑️  Bad Bunny/Soy El Diablo (Remix)/Soy El Diablo - Remix - Natanael Cano, Bad Bunny.flac
2026-04-11 17:29:56  INFO       🗑️  Bad Bunny/Super Bowl LX Halftime Show (Live)/Super Bowl LX Halftime Show - Live - Bad Bunny, NFL.flac
2026-04-11 17:29:56  INFO       🗑️  Bad Bunny/Volando (Remix)/Volando - Remix - Mora, Bad Bunny, Sech.flac
2026-04-11 17:29:56  INFO       🗑️  Bad Bunny/Yo Perreo Sola (Remix)/Yo Perreo Sola - Remix - Bad Bunny, Nesi, Ivy Queen.flac
2026-04-11 17:29:56  INFO       🗑️  Bigflo & Oli/Dommage (Acoustic)/Dommage - Acoustic - Bigflo & Oli.flac
2026-04-11 17:29:56  INFO       🗑️  Bigflo & Oli/Mexico en Janvier (Youssoupha Remix)/Mexico en Janvier - Youssoupha Remix - Bigflo & Oli, Youssoupha.flac
2026-04-11 17:29:56  INFO       🗑️  Bruno Mars/24K Magic (R3hab Remix)/24K Magic - R3hab Remix - Bruno Mars, R3HAB.flac
2026-04-11 17:29:56  INFO       🗑️  Bruno Mars/An Evening With Silk Sonic/Silk Sonic Intro - Bruno Mars, Anderson .Paak, Silk Sonic.flac
2026-04-11 17:29:56  INFO       🗑️  Bruno Mars/Die With A Smile/Die With A Smile - Instrumental - Lady Gaga, Bruno Mars.flac
2026-04-11 17:29:56  INFO       🗑️  Bruno Mars/Die With A Smile (Acoustic)/Die With A Smile - Acoustic - Lady Gaga, Bruno Mars.flac
2026-04-11 17:29:56  INFO       🗑️  Bruno Mars/Die With A Smile (Live in Las Vegas)/Die With A Smile - Live in Las Vegas - Lady Gaga, Bruno Mars.flac
2026-04-11 17:29:56  INFO       🗑️  Bruno Mars/Doo-Wops & Hooligans/Talking to the Moon - Acoustic Piano - Bruno Mars.flac
2026-04-11 17:29:56  INFO       🗑️  Bruno Mars/Doo-Wops & Hooligans (Deluxe)/Just the Way You Are (feat. Lupe Fiasco) - 2010 Remix - Bruno Mars, Lupe Fiasco.flac
2026-04-11 17:29:56  INFO       🗑️  Bruno Mars/Finesse (Remix) [feat. Cardi B]/Finesse - James Hype Remix; feat. Cardi B - Bruno Mars, Cardi B, James Hype.flac
2026-04-11 17:29:56  INFO       🗑️  Bruno Mars/Finesse (Remix) [feat. Cardi B]/Finesse - Pink Panda Remix; feat. Cardi B - Bruno Mars, Cardi B, Pink Panda.flac
2026-04-11 17:29:56  INFO       🗑️  Bruno Mars/Finesse (Remix) [feat. Cardi B]/Finesse - Remix; feat. Cardi B - Bruno Mars, Cardi B.flac
2026-04-11 17:29:56  INFO       🗑️  Bruno Mars/I Just Might (Austin Millz Remix)/I Just Might - Austin Millz Remix - Bruno Mars, Austin Millz.flac
2026-04-11 17:29:56  INFO       🗑️  Bruno Mars/Just the Way You Are (Remix)/Just the Way You Are - Carl Louis & Martin Danielle Club Mix - Bruno Mars, Carl Louis, Martin Danielle.flac
2026-04-11 17:29:56  INFO       🗑️  Bruno Mars/Just the Way You Are (Remix)/Just the Way You Are - Manufactured Superstars and Jquintal Remix - Bruno Mars.flac
2026-04-11 17:29:56  INFO       🗑️  Bruno Mars/Just the Way You Are (Remix)/Just the Way You Are - Simon Steur Club Mix - Bruno Mars.flac
2026-04-11 17:29:56  INFO       🗑️  Bruno Mars/Just the Way You Are (Remix)/Just the Way You Are - Skrillex BatBoi Remix - Bruno Mars.flac
2026-04-11 17:29:56  INFO       🗑️  Bruno Mars/Just the Way You Are (Remix)/Just the Way You Are - Steve Smart & Westfunk Club Mix - Bruno Mars.flac
2026-04-11 17:29:56  INFO       🗑️  Bruno Mars/Leave The Door Open (Live)/Leave The Door Open - Live - Bruno Mars, Anderson .Paak, Silk Sonic.flac
2026-04-11 17:29:56  INFO       🗑️  Bruno Mars/Locked out of Heaven (Remix)/Locked out of Heaven - Paul Oakenfold Remix - Bruno Mars, Paul Oakenfold.flac
2026-04-11 17:29:56  INFO       🗑️  Bruno Mars/Locked out of Heaven (Remix)/Locked out of Heaven - Sultan and Ned Shepard Remix - Bruno Mars, Shepard, Sultan.flac
2026-04-11 17:29:56  INFO       🗑️  Bruno Mars/Locked out of Heaven (Remix)/Locked out of Heaven - The M Machine Remix - Bruno Mars.flac
2026-04-11 17:29:56  INFO       🗑️  Bruno Mars/That's What I Like (Alan Walker Remix)/That's What I Like - Alan Walker Remix - Bruno Mars, Alan Walker.flac
2026-04-11 17:29:56  INFO       🗑️  Bruno Mars/That's What I Like (BLVK JVCK Remix)/That's What I Like - BLVK JVCK Remix - Bruno Mars, BLVK JVCK.flac
2026-04-11 17:29:56  INFO       🗑️  Bruno Mars/That's What I Like (PARTYNEXTDOOR Remix)/That's What I Like - PARTYNEXTDOOR Remix - Bruno Mars, PARTYNEXTDOOR.flac
2026-04-11 17:29:56  INFO       🗑️  Bruno Mars/The Grenade Sessions/Catch a Grenade - The Hooligans Remix - Bruno Mars.flac
2026-04-11 17:29:56  INFO       🗑️  Bruno Mars/The Grenade Sessions/Grenade - Acoustic - Bruno Mars.flac
2026-04-11 17:29:56  INFO       🗑️  Bruno Mars/The Grenade Sessions/Grenade - Passion Pit Remix - Bruno Mars, Passion Pit.flac
2026-04-11 17:29:56  INFO       🗑️  Bruno Mars/Treasure Remix EP/Treasure - Audien Radio Edit - Bruno Mars.flac
2026-04-11 17:29:56  INFO       🗑️  Bruno Mars/Treasure Remix EP/Treasure - Audien Remix - Bruno Mars.flac
2026-04-11 17:29:56  INFO       🗑️  Bruno Mars/Treasure Remix EP/Treasure - Bailey Smalls Radio Edit - Bruno Mars.flac
2026-04-11 17:29:56  INFO       🗑️  Bruno Mars/Treasure Remix EP/Treasure - Bailey Smalls Remix - Bruno Mars.flac
2026-04-11 17:29:56  INFO       🗑️  Bruno Mars/Treasure Remix EP/Treasure - Cash Cash Radio Mix - Bruno Mars.flac
2026-04-11 17:29:56  INFO       🗑️  Bruno Mars/Treasure Remix EP/Treasure - Cash Cash Remix - Bruno Mars.flac
2026-04-11 17:29:56  INFO       🗑️  Bruno Mars/Treasure Remix EP/Treasure - Robert DeLong Instrumental - Bruno Mars.flac
2026-04-11 17:29:56  INFO       🗑️  Bruno Mars/Treasure Remix EP/Treasure - Robert DeLong Radio Edit - Bruno Mars.flac
2026-04-11 17:29:56  INFO       🗑️  Bruno Mars/Treasure Remix EP/Treasure - Robert DeLong Remix - Bruno Mars.flac
2026-04-11 17:29:56  INFO       🗑️  Bruno Mars/Treasure Remix EP/Treasure - Sharam Club Remix - Bruno Mars.flac
2026-04-11 17:29:56  INFO       🗑️  Bruno Mars/Treasure Remix EP/Treasure - Sharam Radio Remix - Bruno Mars.flac
2026-04-11 17:29:56  INFO       🗑️  Bruno Mars/Uptown Funk (Remixes) (feat. Bruno Mars)/Uptown Funk (feat. Bruno Mars) - Dave Audé Remix - Mark Ronson, Bruno Mars.flac
2026-04-11 17:29:56  INFO       🗑️  Bruno Mars/Uptown Funk (Remixes) (feat. Bruno Mars)/Uptown Funk (feat. Bruno Mars) - Wideboys VIP Remix - Mark Ronson, Bruno Mars.flac
2026-04-11 17:29:56  INFO       🗑️  Bruno Mars/Uptown Funk (Remixes) (feat. Bruno Mars)/Uptown Funk (feat. Bruno Mars) - Will Sparks Remix - Mark Ronson, Bruno Mars, Will Sparks.flac
2026-04-11 17:29:56  INFO       🗑️  Bruno Mars/Uptown Funk (feat. Bruno Mars) [Trinidad James Remix]/Uptown Funk (feat. Bruno Mars) - Trinidad James Remix - Mark Ronson, Bruno Mars, Trinidad James.flac
2026-04-11 17:29:56  INFO       🗑️  Coldplay/A L I E N S (Markus Dravs Remix)/A L I E N S - Markus Dravs Remix - Coldplay, Markus Dravs.flac
2026-04-11 17:29:56  INFO       🗑️  Coldplay/A Sky Full of Stars (Hardwell Remix)/A Sky Full of Stars - Hardwell Remix - Coldplay, Hardwell.flac
2026-04-11 17:29:56  INFO       🗑️  Coldplay/A Sky Full of Stars (Robin Schulz Remix)/A Sky Full of Stars - Robin Schulz Remix - Coldplay, Robin Schulz.flac
2026-04-11 17:29:56  INFO       🗑️  Coldplay/Adventure of a Lifetime (Matoma Remix)/Adventure of a Lifetime - Matoma Remix - Coldplay, Matoma.flac
2026-04-11 17:29:56  INFO       🗑️  Coldplay/Adventure of a Lifetime (Yotto Remix)/Adventure of a Lifetime - Yotto Remix - Coldplay, YOTTO.flac
2026-04-11 17:29:56  INFO       🗑️  Coldplay/Champion Of The World (Live at NPR's Tiny Desk)/Champion Of The World - Live at NPR's Tiny Desk - Coldplay.flac
2026-04-11 17:29:56  INFO       🗑️  Coldplay/Charlie Brown (Dave Audé Remix)/Charlie Brown - Dave Audé Remix - Coldplay, Dave Audé.flac
2026-04-11 17:29:56  INFO       🗑️  Coldplay/Clocks/Clocks - Radio Edit - Coldplay.flac
2026-04-11 17:29:56  INFO       🗑️  Coldplay/Don't Panic/You Only Live Twice - Live from Norway - Coldplay.flac
2026-04-11 17:29:56  INFO       🗑️  Coldplay/Everglow/Everglow - Edit - Coldplay.flac
2026-04-11 17:29:56  INFO       🗑️  Coldplay/Fix You/Fix You - Live from Arnhem, Netherlands - Coldplay.flac
2026-04-11 17:29:56  INFO       🗑️  Coldplay/Fix You/Pour Me - Live at the Hollywood Bowl - Coldplay.flac
2026-04-11 17:29:56  INFO       🗑️  Coldplay/Ghost Stories Live 2014/A Sky Full of Stars - Live at the Royal Albert Hall, London - Coldplay.flac
2026-04-11 17:29:56  INFO       🗑️  Coldplay/Ghost Stories Live 2014/Always in My Head - Live at the Royal Albert Hall, London - Coldplay.flac
2026-04-11 17:29:56  INFO       🗑️  Coldplay/Ghost Stories Live 2014/Another's Arms - Live at the Beacon Theatre, New York - Coldplay.flac
2026-04-11 17:29:56  INFO       🗑️  Coldplay/Ghost Stories Live 2014/Magic - Live at the Enmore Theatre, Sydney - Coldplay.flac
2026-04-11 17:29:56  INFO       🗑️  Coldplay/Ghost Stories Live 2014/Midnight - Live at the Royal Albert Hall, London - Coldplay.flac
2026-04-11 17:29:56  INFO       🗑️  Coldplay/Ghost Stories Live 2014/O - Live at Royce Hall, Los Angeles - Coldplay.flac
2026-04-11 17:29:56  INFO       🗑️  Coldplay/Ghost Stories Live 2014/Oceans - Live at E-Werk, Cologne - Coldplay.flac
2026-04-11 17:29:56  INFO       🗑️  Coldplay/Ghost Stories Live 2014/True Love - Live at the Enmore Theatre, Sydney - Coldplay.flac
2026-04-11 17:29:56  INFO       🗑️  Coldplay/Have Yourself a Merry Little Christmas (Jo Whiley, BBC Radio 1 Session)/Have Yourself a Merry Little Christmas - Jo Whiley, BBC Radio 1 Session - Coldplay.flac
2026-04-11 17:29:56  INFO       🗑️  Coldplay/Higher Power (Acoustic Version)/Higher Power - Acoustic Version - Coldplay.flac
2026-04-11 17:29:56  INFO       🗑️  Coldplay/Higher Power (Alyx Ander Remix)/Higher Power - Alyx Ander Remix - Coldplay, Alyx Ander.flac
2026-04-11 17:29:56  INFO       🗑️  Coldplay/Higher Power (Tiësto Remix)/Higher Power - Tiësto Remix - Coldplay, Tiësto.flac
2026-04-11 17:29:56  INFO       🗑️  Coldplay/Higher Power (ZHU Remix)/Higher Power - ZHU Remix - Coldplay, ZHU.flac
2026-04-11 17:29:56  INFO       🗑️  Coldplay/Hymn for the Weekend (Seeb Remix)/Hymn for the Weekend - Seeb Remix - Coldplay, Seeb.flac
2026-04-11 17:29:56  INFO       🗑️  Coldplay/Ink (Live at Le Casino De Paris, Paris)/Ink - Live at Le Casino De Paris, Paris - Coldplay.flac
2026-04-11 17:29:56  INFO       🗑️  Coldplay/Kaleidoscope EP/Something Just Like This - Tokyo Remix - Coldplay, The Chainsmokers.flac
2026-04-11 17:29:56  INFO       🗑️  Coldplay/LeftRightLeftRightLeft (Live)/42 - Live in Madrid, 2008 - Coldplay.flac
2026-04-11 17:29:56  INFO       🗑️  Coldplay/LeftRightLeftRightLeft (Live)/Clocks - Live in Madrid, 2008 - Coldplay.flac
2026-04-11 17:29:56  INFO       🗑️  Coldplay/LeftRightLeftRightLeft (Live)/Death Will Never Conquer - Live in Sydney, 2009 - Coldplay.flac
2026-04-11 17:29:56  INFO       🗑️  Coldplay/LeftRightLeftRightLeft (Live)/Death and All His Friends - Live in Madrid, 2008 - Coldplay.flac
2026-04-11 17:29:56  INFO       🗑️  Coldplay/LeftRightLeftRightLeft (Live)/Fix You - Live in Sydney, 2009 - Coldplay.flac
2026-04-11 17:29:56  INFO       🗑️  Coldplay/LeftRightLeftRightLeft (Live)/Glass of Water - Live in Sydney, 2009 - Coldplay.flac
2026-04-11 17:29:56  INFO       🗑️  Coldplay/LeftRightLeftRightLeft (Live)/Strawberry Swing - Live in Madrid, 2008 - Coldplay.flac
2026-04-11 17:29:56  INFO       🗑️  Coldplay/LeftRightLeftRightLeft (Live)/The Hardest Part Postcards from Far Away - Live in Sydney, 2009 - Coldplay.flac
2026-04-11 17:29:56  INFO       🗑️  Coldplay/LeftRightLeftRightLeft (Live)/Viva La Vida - Live in Paris, 2008 - Coldplay.flac
2026-04-11 17:29:56  INFO       🗑️  Coldplay/Let Somebody Go (Ofenbach Remix)/Let Somebody Go - Ofenbach Remix - Coldplay, Selena Gomez, Ofenbach.flac
2026-04-11 17:29:56  INFO       🗑️  Coldplay/Let Somebody Go (Piano Version)/Let Somebody Go - Kygo Remix - Coldplay, Selena Gomez, Kygo.flac
2026-04-11 17:29:56  INFO       🗑️  Coldplay/Life in Technicolor ii/Life in Technicolor ii - Live at the O2, London - Coldplay.flac
2026-04-11 17:29:56  INFO       🗑️  Coldplay/Live 2003/A Rush of Blood to the Head - Live in Sydney - Coldplay.flac
2026-04-11 17:29:56  INFO       🗑️  Coldplay/Live 2003/Amsterdam - Live in Sydney - Coldplay.flac
2026-04-11 17:29:56  INFO       🗑️  Coldplay/Live 2003/Clocks - Live in Sydney - Coldplay.flac
2026-04-11 17:29:56  INFO       🗑️  Coldplay/Live 2003/Everything's Not Lost - Live in Sydney - Coldplay.flac
2026-04-11 17:29:56  INFO       🗑️  Coldplay/Live 2003/God Put a Smile upon Your Face - Live in Sydney - Coldplay.flac
2026-04-11 17:29:56  INFO       🗑️  Coldplay/Live 2003/In My Place - Live in Sydney - Coldplay.flac
2026-04-11 17:29:56  INFO       🗑️  Coldplay/Live 2003/Moses - Live in Sydney - Coldplay.flac
2026-04-11 17:29:56  INFO       🗑️  Coldplay/Live 2003/One I Love - Live in Sydney - Coldplay.flac
2026-04-11 17:29:56  INFO       🗑️  Coldplay/Live 2003/Politik - Live in Sydney - Coldplay.flac
2026-04-11 17:29:56  INFO       🗑️  Coldplay/Live 2003/See You Soon - Live in Sydney - Coldplay.flac
2026-04-11 17:29:56  INFO       🗑️  Coldplay/Live 2003/Shiver - Live in Sydney - Coldplay.flac
2026-04-11 17:29:56  INFO       🗑️  Coldplay/Live 2003/Yellow - Live in Sydney - Coldplay.flac
2026-04-11 17:29:56  INFO       🗑️  Coldplay/Live 2012/Charlie Brown - Live - Coldplay.flac
2026-04-11 17:29:56  INFO       🗑️  Coldplay/Live 2012/Clocks - Live - Coldplay.flac
2026-04-11 17:29:56  INFO       🗑️  Coldplay/Live 2012/Every Teardrop Is a Waterfall - Live - Coldplay.flac
2026-04-11 17:29:56  INFO       🗑️  Coldplay/Live 2012/Fix You - Live - Coldplay.flac
2026-04-11 17:29:56  INFO       🗑️  Coldplay/Live 2012/God Put a Smile upon Your Face - Live - Coldplay.flac
2026-04-11 17:29:56  INFO       🗑️  Coldplay/Live 2012/Hurts Like Heaven - Live - Coldplay.flac
2026-04-11 17:29:56  INFO       🗑️  Coldplay/Live 2012/In My Place - Live 2012 - Coldplay.flac
2026-04-11 17:29:56  INFO       🗑️  Coldplay/Live 2012/Major Minus - Live - Coldplay.flac
2026-04-11 17:29:56  INFO       🗑️  Coldplay/Live 2012/Mylo Xyloto - Live - Coldplay.flac
2026-04-11 17:29:56  INFO       🗑️  Coldplay/Live 2012/Paradise - Live - Coldplay.flac
2026-04-11 17:29:56  INFO       🗑️  Coldplay/Live 2012/Princess of China - Live - Coldplay.flac
2026-04-11 17:29:56  INFO       🗑️  Coldplay/Live 2012/Up in Flames - Live - Coldplay.flac
2026-04-11 17:29:56  INFO       🗑️  Coldplay/Live 2012/Us Against the World - Live - Coldplay.flac
2026-04-11 17:29:56  INFO       🗑️  Coldplay/Live 2012/Viva La Vida - Live - Coldplay.flac
2026-04-11 17:29:56  INFO       🗑️  Coldplay/Live 2012/Yellow - Live - Coldplay.flac
2026-04-11 17:29:56  INFO       🗑️  Coldplay/Live in Buenos Aires/A Head Full of Dreams - Live in Buenos Aires - Coldplay.flac
2026-04-11 17:29:56  INFO       🗑️  Coldplay/Live in Buenos Aires/A Sky Full of Stars - Live in Buenos Aires - Coldplay.flac
2026-04-11 17:29:56  INFO       🗑️  Coldplay/Live in Buenos Aires/Adventure of a Lifetime - Live in Buenos Aires - Coldplay.flac
2026-04-11 17:29:56  INFO       🗑️  Coldplay/Live in Buenos Aires/Always in My Head - Live in Buenos Aires - Coldplay.flac
2026-04-11 17:29:56  INFO       🗑️  Coldplay/Live in Buenos Aires/Amor Argentina - Live in Buenos Aires - Coldplay.flac
2026-04-11 17:29:56  INFO       🗑️  Coldplay/Live in Buenos Aires/Charlie Brown - Live in Buenos Aires - Coldplay.flac
2026-04-11 17:29:56  INFO       🗑️  Coldplay/Live in Buenos Aires/Clocks - Live in Buenos Aires - Coldplay.flac
2026-04-11 17:29:56  INFO       🗑️  Coldplay/Live in Buenos Aires/Colour Spectrum - Live in Buenos Aires - Coldplay.flac
2026-04-11 17:29:56  INFO       🗑️  Coldplay/Live in Buenos Aires/De Música Ligera - Live in Buenos Aires - Coldplay.flac
2026-04-11 17:29:56  INFO       🗑️  Coldplay/Live in Buenos Aires/End Credits - Live in Buenos Aires - Coldplay.flac
2026-04-11 17:29:56  INFO       🗑️  Coldplay/Live in Buenos Aires/Everglow - Live in Buenos Aires - Coldplay.flac
2026-04-11 17:29:56  INFO       🗑️  Coldplay/Live in Buenos Aires/Every Teardrop Is a Waterfall - Live in Buenos Aires - Coldplay.flac
2026-04-11 17:29:56  INFO       🗑️  Coldplay/Live in Buenos Aires/Fix You - Live in Buenos Aires - Coldplay.flac
2026-04-11 17:29:56  INFO       🗑️  Coldplay/Live in Buenos Aires/God Put a Smile upon Your Face - Live in Buenos Aires - Coldplay.flac
2026-04-11 17:29:56  INFO       🗑️  Coldplay/Live in Buenos Aires/Hymn for the Weekend - Live in Buenos Aires - Coldplay.flac
2026-04-11 17:29:56  INFO       🗑️  Coldplay/Live in Buenos Aires/In My Place - Live in Buenos Aires - Coldplay.flac
2026-04-11 17:29:56  INFO       🗑️  Coldplay/Live in Buenos Aires/Magic - Live in Buenos Aires - Coldplay.flac
2026-04-11 17:29:56  INFO       🗑️  Coldplay/Live in Buenos Aires/Midnight - Live in Buenos Aires - Coldplay.flac
2026-04-11 17:29:56  INFO       🗑️  Coldplay/Live in Buenos Aires/Paradise - Live in Buenos Aires - Coldplay.flac
2026-04-11 17:29:56  INFO       🗑️  Coldplay/Live in Buenos Aires/Something Just like This - Live in Buenos Aires - Coldplay.flac
2026-04-11 17:29:56  INFO       🗑️  Coldplay/Live in Buenos Aires/The Scientist - Live in Buenos Aires - Coldplay.flac
2026-04-11 17:29:56  INFO       🗑️  Coldplay/Live in Buenos Aires/Up&Up - Live in Buenos Aires - Coldplay.flac
2026-04-11 17:29:56  INFO       🗑️  Coldplay/Live in Buenos Aires/Viva La Vida - Live in Buenos Aires - Coldplay.flac
2026-04-11 17:29:56  INFO       🗑️  Coldplay/Live in Buenos Aires/Yellow - Live in Buenos Aires - Coldplay.flac
2026-04-11 17:29:56  INFO       🗑️  Coldplay/Lost!/Lost@ - Live at the United Center, Chicago, IL - Coldplay.flac
2026-04-11 17:29:56  INFO       🗑️  Coldplay/Midnight (Kygo Remix)/Midnight - Kygo Remix - Coldplay, Kygo.flac
2026-04-11 17:29:56  INFO       🗑️  Coldplay/Midnight (Remixes)/Midnight - Giorgio Moroder Remix - Coldplay, Geoff Swan, Giorgio Moroder, Spike.flac
2026-04-11 17:29:56  INFO       🗑️  Coldplay/Midnight (Remixes)/Midnight - Henrik Schwarz Remix - Coldplay, Henrik Schwarz.flac
2026-04-11 17:29:56  INFO       🗑️  Coldplay/Midnight (Remixes)/Midnight - Jon Hopkins Remix - Coldplay, Jon Hopkins.flac
2026-04-11 17:29:56  INFO       🗑️  Coldplay/Midnight (Remixes)/Midnight - Phones 4AM Remix - Coldplay, Matt Wiggins, Paul Epworth.flac
2026-04-11 17:29:56  INFO       🗑️  Coldplay/Moon Music (Full Moon Edition)/All My Love - Live in Dublin - Coldplay.flac
2026-04-11 17:29:56  INFO       🗑️  Coldplay/My Universe/My Universe - Acoustic Version - Coldplay, BTS.flac
2026-04-11 17:29:56  INFO       🗑️  Coldplay/My Universe (David Guetta Remix)/My Universe - David Guetta Remix - Coldplay, BTS, David Guetta.flac
2026-04-11 17:29:56  INFO       🗑️  Coldplay/My Universe (Galantis Remix)/My Universe - Galantis Remix - Coldplay, BTS, Galantis.flac
2026-04-11 17:29:56  INFO       🗑️  Coldplay/My Universe (SUGA's Remix)/My Universe - SUGA's Remix - Coldplay, BTS, SUGA.flac
2026-04-11 17:29:56  INFO       🗑️  Coldplay/Orphans (Muzi Remix)/Orphans - Muzi Remix - Coldplay, Muzi.flac
2026-04-11 17:29:56  INFO       🗑️  Coldplay/Something Just Like This (Remixes)/Something Just Like This - ARMNHMR Remix - The Chainsmokers, Coldplay, ARMNHMR.flac
2026-04-11 17:29:56  INFO       🗑️  Coldplay/Something Just Like This (Remixes)/Something Just Like This - Alesso Remix - The Chainsmokers, Coldplay, Alesso.flac
2026-04-11 17:29:56  INFO       🗑️  Coldplay/Something Just Like This (Remixes)/Something Just Like This - Dimitri Vegas & Like Mike Remix - The Chainsmokers, Coldplay, Dimitri Vegas & Like Mike.flac
2026-04-11 17:29:56  INFO       🗑️  Coldplay/Something Just Like This (Remixes)/Something Just Like This - Don Diablo Remix - The Chainsmokers, Coldplay, Don Diablo.flac
2026-04-11 17:29:56  INFO       🗑️  Coldplay/Something Just Like This (Remixes)/Something Just Like This - Jai Wolf Remix - The Chainsmokers, Coldplay, Jai Wolf.flac
2026-04-11 17:29:56  INFO       🗑️  Coldplay/Something Just Like This (Remixes)/Something Just Like This - R3hab Remix - The Chainsmokers, Coldplay, R3HAB.flac
2026-04-11 17:29:56  INFO       🗑️  Coldplay/Speed of Sound/Speed of Sound - Live - Coldplay.flac
2026-04-11 17:29:56  INFO       🗑️  Coldplay/Talk/Talk - Junkie XL Remix - Coldplay.flac
2026-04-11 17:29:56  INFO       🗑️  Coldplay/The Hardest Part/How You See the World - Live from Earls Court - Coldplay.flac
2026-04-11 17:29:56  INFO       🗑️  Coldplay/True Love (Davide Rossi Remix)/True Love - Davide Rossi Remix - Coldplay, Davide Rossi.flac
2026-04-11 17:29:56  INFO       🗑️  Coldplay/Up&Up (Freedo Remix)/Up&Up - Freedo Remix - Coldplay, Freedo.flac
2026-04-11 17:29:56  INFO       🗑️  Crystal Castles/(II)/Not In Love - Radio Version - Crystal Castles, Robert Smith.flac
2026-04-11 17:29:56  INFO       🗑️  Crystal Castles/Crimewave/Crimewave - Keith Remix - Crystal Castles.flac
2026-04-11 17:29:56  INFO       🗑️  Crystal Castles/Crimewave/Crimewave - LA Riots Remix - Crystal Castles.flac
2026-04-11 17:29:56  INFO       🗑️  Crystal Castles/Crimewave/Crimewave - Lzrtag Remix - Crystal Castles.flac
2026-04-11 17:29:56  INFO       🗑️  Crystal Castles/Crimewave/Crimewave - Radio Edit - Crystal Castles.flac
2026-04-11 17:29:56  INFO       🗑️  Crystal Castles/Crimewave/Crimewave - Sinden Remix - Crystal Castles.flac
2026-04-11 17:29:56  INFO       🗑️  Crystal Castles/Crystal Castles/Air War - David Wolf Remix - Crystal Castles, David Wolf.flac
2026-04-11 17:29:56  INFO       🗑️  Crystal Castles/Crystal Castles (II)/Celestica - Bear In Heaven Remix - Crystal Castles.flac
2026-04-11 17:29:56  INFO       🗑️  Crystal Castles/Crystal Castles (II)/Celestica - Thurston Moore Remix - Crystal Castles, Thurston Moore.flac
2026-04-11 17:29:56  INFO       🗑️  Crystal Castles/Crystal Castles (II)/Suffocation - Memory Tapes Remix - Crystal Castles.flac
2026-04-11 17:29:56  INFO       🗑️  Crystal Castles/Vanished/Vanished - Nasty Nav Remix - Crystal Castles.flac
2026-04-11 17:29:56  INFO       🗑️  Crystal Castles/Vanished/Vanished - Radio Edit - Crystal Castles.flac
2026-04-11 17:29:56  INFO       🗑️  Damso/Démons (live orchestral)/Démons - live orchestral - Angèle, Damso.flac
2026-04-11 17:29:56  INFO       🗑️  Damso/Lithopédion/Humains - Bonus Track - Damso.flac
2026-04-11 17:29:56  INFO       🗑️  Damso/Lithopédion/Ipséité - Bonus Track - Damso.flac
2026-04-11 17:29:56  INFO       🗑️  Damso/QALF infinity/COEUR EN MIETTES LIVE - Damso, Lous and The Yakuza.flac
2026-04-11 17:29:56  INFO       🗑️  Damso/QALF infinity/DEUX TOILES DE MER LIVE - Damso.flac
2026-04-11 17:29:56  INFO       🗑️  Damso/QALF infinity/INTRO - Damso.flac
2026-04-11 17:29:56  INFO       🗑️  Damso/QALF infinity/THEVIE RADIO (Interlude) - Damso.flac
2026-04-11 17:29:56  INFO       🗑️  Damso/QALF infinity/YOUVOI LIVE - Damso.flac
2026-04-11 17:29:56  INFO       🗑️  Damso/QALF infinity/Ρ. DOSE LIVE - Damso.flac
2026-04-11 17:29:56  INFO       🗑️  Damso/QALF infinity/Τ. CHIALER LIVE - Damso.flac
2026-04-11 17:29:56  INFO       🗑️  Drake/Behind Barz (Bonus)/Behind Barz - Bonus - Drake.flac
2026-04-11 17:29:56  INFO       🗑️  Drake/Certified Lover Boy/You Only Live Twice (with Lil Wayne & Rick Ross) - Drake, Lil Wayne, Rick Ross.flac
2026-04-11 17:29:56  INFO       🗑️  Drake/Ela É do Tipo (feat. Drake) [Remix]/Ela É do Tipo (feat. Drake) [Remix] - MC Kevin o Chris, Drake.flac
2026-04-11 17:29:56  INFO       🗑️  Drake/For All The Dogs Scary Hours Edition/BBL Love - Interlude - Drake.flac
2026-04-11 17:29:56  INFO       🗑️  Drake/For All The Dogs Scary Hours Edition/Screw The World - Interlude - Drake.flac
2026-04-11 17:29:56  INFO       🗑️  Drake/For All The Dogs Scary Hours Edition (Instrumental)/Evil Ways (feat. J. Cole) - Instrumental - Drake, J. Cole.flac
2026-04-11 17:29:56  INFO       🗑️  Drake/For All The Dogs Scary Hours Edition (Instrumental)/Red Button - Instrumental - Drake.flac
2026-04-11 17:29:56  INFO       🗑️  Drake/For All The Dogs Scary Hours Edition (Instrumental)/Stories About My Brother - Instrumental - Drake.flac
2026-04-11 17:29:56  INFO       🗑️  Drake/For All The Dogs Scary Hours Edition (Instrumental)/The Shoe Fits - Instrumental - Drake.flac
2026-04-11 17:29:56  INFO       🗑️  Drake/For All The Dogs Scary Hours Edition (Instrumental)/Wick Man - Instrumental - Drake.flac
2026-04-11 17:29:56  INFO       🗑️  Drake/For All The Dogs Scary Hours Edition (Instrumental)/You Broke My Heart - Instrumental - Drake.flac
2026-04-11 17:29:56  INFO       🗑️  Drake/Honestly, Nevermind/Intro - Drake.flac
2026-04-11 17:29:56  INFO       🗑️  Drake/If You're Reading This It's Too Late/Wednesday Night Interlude - Drake, PARTYNEXTDOOR.flac
2026-04-11 17:29:56  INFO       🗑️  Drake/MELTDOWN (feat. Drake) [Instrumental]/MELTDOWN (feat. Drake) - Instrumental - Travis Scott, Drake.flac
2026-04-11 17:29:56  INFO       🗑️  Drake/More Life/Jorja Interlude - Drake.flac
2026-04-11 17:29:56  INFO       🗑️  Drake/More Life/Skepta Interlude - Drake.flac
2026-04-11 17:29:56  INFO       🗑️  Drake/My Love (feat. Drake) [Remix]/My Love (feat. Drake) - Remix - Majid Jordan, Drake.flac
2026-04-11 17:29:56  INFO       🗑️  Drake/She Will/She Will - Instrumental - Lil Wayne, Drake.flac
2026-04-11 17:29:56  INFO       🗑️  Drake/So Far Gone/Bria's Interlude (feat. Omarion) - Drake, Omarion.flac
2026-04-11 17:29:56  INFO       🗑️  Drake/So Far Gone/Outro (feat. Chilly Gonzales) - Drake, Chilly Gonzales.flac
2026-04-11 17:29:56  INFO       🗑️  Drake/Take Care (Deluxe)/Buried Alive Interlude - Drake, Kendrick Lamar.flac
2026-04-11 17:29:56  INFO       🗑️  Drake/Take Care (Deluxe)/Cameras Good Ones Go Interlude - Medley - Drake.flac
2026-04-11 17:29:56  INFO       🗑️  Drake/Thank Me Later (Int'l Version)/Cece's Interlude - Drake.flac
2026-04-11 17:29:56  INFO       🗑️  Drake/Thank Me Later (Int'l Version)/Karaoke - Drake.flac
2026-04-11 17:29:56  INFO       🗑️  Drake/Views/Summers Over Interlude - Drake, Majid Jordan.flac
2026-04-11 17:29:56  INFO       🗑️  Drake/Wanna Know Remix (feat. Drake)/Wanna Know Remix (feat. Drake) - Dave, Drake.flac
2026-04-11 17:29:56  INFO       🗑️  Drake/What A Time To Be Alive/Live From The Gutter - Drake, Future.flac
2026-04-11 17:29:56  INFO       🗑️  Drake/act ii_ date @ 8 (feat. Drake) [remix]/act ii date @ 8 (feat. Drake) - remix - 4batz, Drake.flac
2026-04-11 17:29:56  INFO       🗑️  Eminem/Ass Like That/Business - Live At The Palace Of Auburn Hills, Detroit 2002 - Eminem.flac
2026-04-11 17:29:56  INFO       🗑️  Eminem/Beautiful (International Version)/3 a.m. - Travis Barker Remix, Explicit Version - Eminem.flac
2026-04-11 17:29:56  INFO       🗑️  Eminem/Beautiful (International Version)/Beautiful - Instrumental - Eminem.flac
2026-04-11 17:29:56  INFO       🗑️  Eminem/Beautiful (International Version)/Beautiful - Super Clean Radio Edit - Eminem.flac
2026-04-11 17:29:56  INFO       🗑️  Eminem/Chloraseptic (feat. 2 Chainz & Phresher) [Remix]/Chloraseptic (feat. 2 Chainz & Phresher) - Remix - Eminem, 2 Chainz, PHresher.flac
2026-04-11 17:29:56  INFO       🗑️  Eminem/Curtain Call 2/Rap God - Mr. Cii Remix - Eminem, Mr. Cii.flac
2026-04-11 17:29:56  INFO       🗑️  Eminem/Curtain Call_ The Hits (Deluxe Edition)/Intro - Eminem.flac
2026-04-11 17:29:56  INFO       🗑️  Eminem/Eminem Presents The Re-Up/Cry Now - Shady Remix - Obie Trice, Kuniva, Bobby Creekwater, Ca$his, Stat Quo.flac
2026-04-11 17:29:56  INFO       🗑️  Eminem/Eminem Presents The Re-Up/Pistol Pistol (Remix) - Obie Trice.flac
2026-04-11 17:29:56  INFO       🗑️  Eminem/Eminem Presents The Re-Up/Shake That (Remix) - Nate Dogg, Eminem, Obie Trice, Bobby Creekwater.flac
2026-04-11 17:29:56  INFO       🗑️  Eminem/Eminem Presents The Re-Up/Ski Mask Way (Eminem Remix) - 50 Cent.flac
2026-04-11 17:29:56  INFO       🗑️  Eminem/Eminem Presents The Re-Up/Smack That (Remix) - Akon, Stat Quo, Bobby Creekwater.flac
2026-04-11 17:29:56  INFO       🗑️  Eminem/Encore (Deluxe Version)/Final Thought - Skit - Eminem.flac
2026-04-11 17:29:56  INFO       🗑️  Eminem/Kamikaze/Em Calls Paul - Skit - Eminem.flac
2026-04-11 17:29:56  INFO       🗑️  Eminem/Kamikaze/Paul - Skit - Paul Rosenberg.flac
2026-04-11 17:29:56  INFO       🗑️  Eminem/Killer (feat. Jack Harlow & Cordae) [Remix]/Killer (feat. Jack Harlow & Cordae) - Remix - Eminem, Jack Harlow, Cordae.flac
2026-04-11 17:29:56  INFO       🗑️  Eminem/Last One Standing (feat. Polo G, Mozzy & Eminem) [From Venom_ Let There Be Carnage]/Venom - Remix - Eminem.flac
2026-04-11 17:29:56  INFO       🗑️  Eminem/Live at Ford Field/Hello Operator 'Till I Collapse - Live - Jack White, Eminem.flac
2026-04-11 17:29:56  INFO       🗑️  Eminem/Live at Ford Field/Seven Nation Army - Live - Jack White.flac
2026-04-11 17:29:56  INFO       🗑️  Eminem/Live at Ford Field/That's How I'm Feeling - Live - Jack White.flac
2026-04-11 17:29:56  INFO       🗑️  Eminem/Mockingbird/Mockingbird - Instrumental - Eminem.flac
2026-04-11 17:29:56  INFO       🗑️  Eminem/Music To Be Murdered By - Side B (Deluxe Edition)/Alfred - Interlude - Eminem.flac
2026-04-11 17:29:56  INFO       🗑️  Eminem/Music To Be Murdered By - Side B (Deluxe Edition)/Alfred - Intro - Eminem.flac
2026-04-11 17:29:56  INFO       🗑️  Eminem/Music To Be Murdered By - Side B (Deluxe Edition)/Alfred - Outro - Eminem.flac
2026-04-11 17:29:56  INFO       🗑️  Eminem/Music To Be Murdered By - Side B (Deluxe Edition)/Key - Skit - Eminem.flac
2026-04-11 17:29:56  INFO       🗑️  Eminem/Music To Be Murdered By - Side B (Deluxe Edition)/Premonition - Intro - Eminem.flac
2026-04-11 17:29:56  INFO       🗑️  Eminem/Music To Be Murdered By - Side B (Deluxe Edition)/Stepdad - Intro - Eminem.flac
2026-04-11 17:29:56  INFO       🗑️  Eminem/Music To Be Murdered By - Side B (Deluxe Edition)/Thus Far - Interlude - Eminem.flac
2026-04-11 17:29:56  INFO       🗑️  Eminem/Nowhere Fast (Extended Version)/Nowhere Fast - Extended Version - Eminem, Kehlani.flac
2026-04-11 17:29:56  INFO       🗑️  Eminem/Recovery (Deluxe Edition)/Session One - Eminem, Slaughterhouse.flac
2026-04-11 17:29:56  INFO       🗑️  Eminem/Relapse/Dr. West - Skit - Eminem.flac
2026-04-11 17:29:56  INFO       🗑️  Eminem/Relapse/Mr. Mathers - Skit - Eminem.flac
2026-04-11 17:29:56  INFO       🗑️  Eminem/Relapse/Paul - Skit - Eminem.flac
2026-04-11 17:29:56  INFO       🗑️  Eminem/Relapse/Steve Berman - Skit - Eminem.flac
2026-04-11 17:29:56  INFO       🗑️  Eminem/Relapse/Tonya - Skit - Eminem.flac
2026-04-11 17:29:56  INFO       🗑️  Eminem/Revival/Remind Me (Intro) - Eminem.flac
2026-04-11 17:29:56  INFO       🗑️  Eminem/Revival/Revival (Interlude) - Eminem.flac
2026-04-11 17:29:56  INFO       🗑️  Eminem/STANS (The Official Soundtrack)/Stan - Live At 43rd Grammy Awards - Eminem, Elton John.flac
2026-04-11 17:29:56  INFO       🗑️  Eminem/STANS (The Official Soundtrack)/Stan - Live At Wembley 2014 - Eminem.flac
2026-04-11 17:29:56  INFO       🗑️  Eminem/Shake That (Radio Edit Version)/Shake That - Radio Edit - Eminem, Nate Dogg.flac
2026-04-11 17:29:56  INFO       🗑️  Eminem/The Death of Slim Shady (Coup De Grâce)/All You Got - skit - Eminem.flac
2026-04-11 17:29:56  INFO       🗑️  Eminem/The Death of Slim Shady (Coup De Grâce)/Breaking News - skit - Eminem.flac
2026-04-11 17:29:56  INFO       🗑️  Eminem/The Death of Slim Shady (Coup De Grâce)/Guess Who’s Back - skit - Eminem.flac
2026-04-11 17:29:56  INFO       🗑️  Eminem/The Death of Slim Shady (Coup De Grâce)_ Expanded Mourner’s Edition/Steve Berman - skit - Eminem.flac
2026-04-11 17:29:56  INFO       🗑️  Eminem/The Eminem Show (Expanded Edition)/Brain Damage - Live From Tramps, New York 1999 - Eminem.flac
2026-04-11 17:29:56  INFO       🗑️  Eminem/The Eminem Show (Expanded Edition)/Business - Instrumental - Eminem.flac
2026-04-11 17:29:56  INFO       🗑️  Eminem/The Eminem Show (Expanded Edition)/Cleanin' Out My Closet - Instrumental - Eminem.flac
2026-04-11 17:29:56  INFO       🗑️  Eminem/The Eminem Show (Expanded Edition)/Curtains Up - Skit - Eminem.flac
2026-04-11 17:29:56  INFO       🗑️  Eminem/The Eminem Show (Expanded Edition)/Freestyle #1 - Live From Tramps, New York 1999 - Eminem.flac
2026-04-11 17:29:56  INFO       🗑️  Eminem/The Eminem Show (Expanded Edition)/Freestyle #2 - Live From Tramps, New York 1999 - Eminem.flac
2026-04-11 17:29:56  INFO       🗑️  Eminem/The Eminem Show (Expanded Edition)/Just Don't Give A Fuck - Live From Tramps, New York 1999 - Eminem.flac
2026-04-11 17:29:56  INFO       🗑️  Eminem/The Eminem Show (Expanded Edition)/Paul Rosenberg - Skit - Eminem.flac
2026-04-11 17:29:56  INFO       🗑️  Eminem/The Eminem Show (Expanded Edition)/Say What You Say - Instrumental - Eminem.flac
2026-04-11 17:29:56  INFO       🗑️  Eminem/The Eminem Show (Expanded Edition)/Sing For The Moment - Instrumental - Eminem.flac
2026-04-11 17:29:56  INFO       🗑️  Eminem/The Eminem Show (Expanded Edition)/Square Dance - Instrumental - Eminem.flac
2026-04-11 17:29:56  INFO       🗑️  Eminem/The Eminem Show (Expanded Edition)/Superman - Instrumental - Eminem.flac
2026-04-11 17:29:56  INFO       🗑️  Eminem/The Eminem Show (Expanded Edition)/The Kiss - Skit - Eminem.flac
2026-04-11 17:29:56  INFO       🗑️  Eminem/The Eminem Show (Expanded Edition)/The Real Slim Shady - Live From Fuji Rock Festival, Japan 2001 - Eminem, Proof.flac
2026-04-11 17:29:56  INFO       🗑️  Eminem/The Eminem Show (Expanded Edition)/The Way I Am - Live From Fuji Rock Festival, Japan 2001 - Eminem, Proof.flac
2026-04-11 17:29:56  INFO       🗑️  Eminem/The Eminem Show (Expanded Edition)/Till I Collapse - Instrumental - Eminem.flac
2026-04-11 17:29:56  INFO       🗑️  Eminem/The Eminem Show (Expanded Edition)/Without Me - Instrumental - Eminem.flac
2026-04-11 17:29:56  INFO       🗑️  Eminem/The Marshall Mathers LP/Stan - Instrumental - Eminem.flac
2026-04-11 17:29:56  INFO       🗑️  Eminem/The Marshall Mathers LP/The Real Slim Shady - Instrumental - Eminem.flac
2026-04-11 17:29:56  INFO       🗑️  Eminem/The Marshall Mathers LP/The Way I Am - Danny Lohner Remix Version - Eminem, Marilyn Manson.flac
2026-04-11 17:29:56  INFO       🗑️  Eminem/The Marshall Mathers LP/The Way I Am - Instrumental - Eminem.flac
2026-04-11 17:29:56  INFO       🗑️  Eminem/The Marshall Mathers LP (25th Anniversary)/Ken Kaniff - Skit - Eminem.flac
2026-04-11 17:29:56  INFO       🗑️  Eminem/The Marshall Mathers LP (25th Anniversary)/Paul - Skit - Paul Bunyan Rosenberg.flac
2026-04-11 17:29:56  INFO       🗑️  Eminem/The Marshall Mathers LP (25th Anniversary)/The Real Slim Shady - Live From MTV VMAs 2000 - Eminem.flac
2026-04-11 17:29:56  INFO       🗑️  Eminem/The Marshall Mathers LP (25th Anniversary)/The Way I Am - Live From MTV VMAs 2000 - Eminem.flac
2026-04-11 17:29:56  INFO       🗑️  Eminem/The Marshall Mathers LP2 (Expanded Edition)/Berzerk - Instrumental - Eminem.flac
2026-04-11 17:29:56  INFO       🗑️  Eminem/The Marshall Mathers LP2 (Expanded Edition)/Headlights - Instrumental - Eminem.flac
2026-04-11 17:29:56  INFO       🗑️  Eminem/The Marshall Mathers LP2 (Expanded Edition)/Parking Lot - Skit - Eminem.flac
2026-04-11 17:29:56  INFO       🗑️  Eminem/The Marshall Mathers LP2 (Expanded Edition)/Rap God - Instrumental - Eminem.flac
2026-04-11 17:29:56  INFO       🗑️  Eminem/The Marshall Mathers LP2 (Expanded Edition)/Survival - Instrumental - Eminem.flac
2026-04-11 17:29:56  INFO       🗑️  Eminem/The Marshall Mathers LP2 (Expanded Edition)/The Monster - Instrumental - Eminem.flac
2026-04-11 17:29:56  INFO       🗑️  Eminem/The Slim Shady LP (Expanded Edition)/Bitch - Skit - Eminem, Zoe Winkler.flac
2026-04-11 17:29:56  INFO       🗑️  Eminem/The Slim Shady LP (Expanded Edition)/Greg - A Cappella - Eminem.flac
2026-04-11 17:29:56  INFO       🗑️  Eminem/The Slim Shady LP (Expanded Edition)/Guilty Conscience - A Cappella - Eminem, Dr. Dre.flac
2026-04-11 17:29:56  INFO       🗑️  Eminem/The Slim Shady LP (Expanded Edition)/Guilty Conscience - Instrumental - Eminem, Dr. Dre.flac
2026-04-11 17:29:56  INFO       🗑️  Eminem/The Slim Shady LP (Expanded Edition)/Guilty Conscience - Radio Version - Eminem, Dr. Dre.flac
2026-04-11 17:29:56  INFO       🗑️  Eminem/The Slim Shady LP (Expanded Edition)/Hazardous Youth - A Cappella - Eminem.flac
2026-04-11 17:29:56  INFO       🗑️  Eminem/The Slim Shady LP (Expanded Edition)/Just Don't Give A Fuck - A Cappella - Eminem.flac
2026-04-11 17:29:56  INFO       🗑️  Eminem/The Slim Shady LP (Expanded Edition)/Just Don't Give A Fuck - Instrumental - Eminem.flac
2026-04-11 17:29:56  INFO       🗑️  Eminem/The Slim Shady LP (Expanded Edition)/Ken Kaniff - Skit - Eminem, Aristotle, Mark Bass.flac
2026-04-11 17:29:56  INFO       🗑️  Eminem/The Slim Shady LP (Expanded Edition)/Lounge - Skit - Eminem, Jeff Bass, Mark Bass.flac
2026-04-11 17:29:56  INFO       🗑️  Eminem/The Slim Shady LP (Expanded Edition)/My Name Is - Instrumental - Eminem.flac
2026-04-11 17:29:56  INFO       🗑️  Eminem/The Slim Shady LP (Expanded Edition)/Paul - Skit - Eminem, Paul Bunyan Rosenberg.flac
2026-04-11 17:29:56  INFO       🗑️  Eminem/The Slim Shady LP (Expanded Edition)/Soap - Skit - Eminem, Jeff Bass, Royce Da 5'9.flac
2026-04-11 17:29:56  INFO       🗑️  Eminem/We Made You (International Version)/We Made You - Instrumental - Eminem.flac
2026-04-11 17:29:56  INFO       🗑️  Eminem/When I'm Gone/When I'm Gone - Instrumental - Eminem.flac
2026-04-11 17:29:56  INFO       🗑️  Gorillaz/Andromeda (feat. D.R.A.M.) [Bonobo Remix]/Andromeda (feat. DRAM) - Bonobo Remix - Gorillaz, DRAM, Bonobo.flac
2026-04-11 17:29:56  INFO       🗑️  Gorillaz/Andromeda (feat. D.R.A.M.) [Purple Disco Machine Remix]/Andromeda (feat. DRAM) - Purple Disco Machine Remix - Gorillaz, DRAM, Purple Disco Machine.flac
2026-04-11 17:29:56  INFO       🗑️  Gorillaz/Andromeda (feat. D.R.A.M.) [ZHU Remix]/Andromeda (feat. DRAM) - ZHU Remix - Gorillaz, DRAM, ZHU.flac
2026-04-11 17:29:56  INFO       🗑️  Gorillaz/Ascension (feat. Vince Staples) [Nic Fanciulli Remix]/Ascension (feat. Vince Staples) - Nic Fanciulli Remix - Gorillaz, Vince Staples, Nic Fanciulli.flac
2026-04-11 17:29:56  INFO       🗑️  Gorillaz/Busted and Blue (Yotto Remix)/Busted and Blue - Yotto Remix - Gorillaz, YOTTO.flac
2026-04-11 17:29:56  INFO       🗑️  Gorillaz/Cracker Island (Deluxe)/New Gold (feat. Tame Impala and Bootie Brown) - Dom Dolla Remix - Gorillaz, Tame Impala, Dom Dolla, Bootie Brown.flac
2026-04-11 17:29:56  INFO       🗑️  Gorillaz/D-Sides/DARE - DFA Remix - Gorillaz, The DFA.flac
2026-04-11 17:29:56  INFO       🗑️  Gorillaz/D-Sides/DARE - Junior Sanchez Remix - Gorillaz, Junior Sanchez.flac
2026-04-11 17:29:56  INFO       🗑️  Gorillaz/D-Sides/DARE - Soulwax Remix - Gorillaz, Soulwax.flac
2026-04-11 17:29:56  INFO       🗑️  Gorillaz/D-Sides/Dirty Harry - Schtung Chinese New Year Remix - Gorillaz.flac
2026-04-11 17:29:56  INFO       🗑️  Gorillaz/D-Sides/El Mañana - Metronomy Remix - Gorillaz, Metronomy.flac
2026-04-11 17:29:56  INFO       🗑️  Gorillaz/D-Sides/Feel Good Inc. - Stanton Warriors Remix - Gorillaz, Stanton Warriors.flac
2026-04-11 17:29:56  INFO       🗑️  Gorillaz/D-Sides/Kids with Guns - Hot Chip Remix - Gorillaz, Hot Chip.flac
2026-04-11 17:29:56  INFO       🗑️  Gorillaz/D-Sides/Kids with Guns - Quiet Village Remix - Gorillaz, Quiet Village.flac
2026-04-11 17:29:56  INFO       🗑️  Gorillaz/DARE/Clint Eastwood (feat. De La Soul & Bootie Brown) - Live - Gorillaz, De La Soul, Bootie Brown.flac
2026-04-11 17:29:56  INFO       🗑️  Gorillaz/Demon Days/Intro - Gorillaz.flac
2026-04-11 17:29:56  INFO       🗑️  Gorillaz/Demon Days Live at the Manchester Opera House/Hong Kong - Live at Manchester Opera House - Gorillaz.flac
2026-04-11 17:29:56  INFO       🗑️  Gorillaz/Dirty Harry/Dirty Harry - Chopper Remix - Gorillaz.flac
2026-04-11 17:29:56  INFO       🗑️  Gorillaz/Dirty Harry/Dirty Harry - Instrumental - Gorillaz.flac
2026-04-11 17:29:56  INFO       🗑️  Gorillaz/Doncamatic (feat. Daley) [The Joker Remix]/Doncamatic (feat. Daley) - The Joker Remix - Gorillaz, Daley.flac
2026-04-11 17:29:56  INFO       🗑️  Gorillaz/Feel Good Inc. (Instrumental)/Feel Good Inc. - Instrumental - Gorillaz.flac
2026-04-11 17:29:56  INFO       🗑️  Gorillaz/Humanz (Deluxe)/Interlude Elevator Going Up - Gorillaz.flac
2026-04-11 17:29:56  INFO       🗑️  Gorillaz/Humanz (Deluxe)/Interlude New World - Gorillaz.flac
2026-04-11 17:29:56  INFO       🗑️  Gorillaz/Humanz (Deluxe)/Interlude Penthouse - Gorillaz.flac
2026-04-11 17:29:56  INFO       🗑️  Gorillaz/Humanz (Deluxe)/Interlude Talk Radio - Gorillaz.flac
2026-04-11 17:29:56  INFO       🗑️  Gorillaz/Humanz (Deluxe)/Interlude The Elephant - Gorillaz.flac
2026-04-11 17:29:56  INFO       🗑️  Gorillaz/Humanz (Deluxe)/Interlude The Non-Conformist Oath - Gorillaz.flac
2026-04-11 17:29:56  INFO       🗑️  Gorillaz/Humanz (Deluxe)/Intro I Switched My Robot Off - Gorillaz.flac
2026-04-11 17:29:56  INFO       🗑️  Gorillaz/Humility (feat. George Benson) [Remixes]/Humility (feat. George Benson) - DJ Koze Remix - Gorillaz, George Benson, DJ Koze.flac
2026-04-11 17:29:56  INFO       🗑️  Gorillaz/Humility (feat. George Benson) [Remixes]/Humility (feat. George Benson) - Superorganism Remix - Gorillaz, George Benson, Superorganism.flac
2026-04-11 17:29:56  INFO       🗑️  Gorillaz/Let Me Out (feat. Mavis Staples & Pusha T) [Banx & Ranx Remix]/Let Me Out (feat. Mavis Staples & Pusha T) - Banx & Ranx Remix - Gorillaz, Mavis Staples, Pusha T, Banx & Ranx.flac
2026-04-11 17:29:56  INFO       🗑️  Gorillaz/Lil' Dub Chefin'/Lil' Dub Chefin' - Radio Edit - Gorillaz, Space Monkeyz.flac
2026-04-11 17:29:56  INFO       🗑️  Gorillaz/Meanwhile EP/Déjà Vu (feat. Alicai Harley) - Live from NW10 - Gorillaz, Alicai Harley.flac
2026-04-11 17:29:56  INFO       🗑️  Gorillaz/Plastic Beach (Deluxe)/Orchestral Intro (feat. Sinfonia ViVA) - Gorillaz, Sinfonia ViVa.flac
2026-04-11 17:29:56  INFO       🗑️  Gorillaz/Saturnz Barz (feat. Popcaan) [Baauer Remix]/Saturnz Barz (feat. Popcaan) - Baauer Remix - Gorillaz, Popcaan, Baauer.flac
2026-04-11 17:29:56  INFO       🗑️  Gorillaz/Saturnz Barz (feat. Popcaan) [Banx & Ranx Remix]/Saturnz Barz (feat. Popcaan) - Banx & Ranx Remix - Gorillaz, Popcaan, Banx & Ranx.flac
2026-04-11 17:29:56  INFO       🗑️  Gorillaz/Saturnz Barz (feat. Popcaan, Assassin, Mad Cobra, Teddy Bruckshot & Killa P) [Cadenza Remix]/Saturnz Barz (feat. Popcaan, Assassin, Mad Cobra, Teddy Bruckshot & Killa P) - Cadenza Remix - Gorillaz, Popcaan, Agent Sasco (Assassin), Mad Cobra, Teddy Bruckshot, Killa P, Cadenza.flac
2026-04-11 17:29:56  INFO       🗑️  Gorillaz/Song Machine Episode 6/Strange Timez - Robert Smith AURORA Remix - Gorillaz, Robert Smith.flac
2026-04-11 17:29:56  INFO       🗑️  Gorillaz/Song Machine, Season One_ Strange Timez (Deluxe)/Désolé (feat. Fatoumata Diawara) - Extended Version - Gorillaz, Fatoumata Diawara.flac
2026-04-11 17:29:56  INFO       🗑️  Gorillaz/Strobelite (feat. Peven Everett) [Kaytranada Remix]/Strobelite (feat. Peven Everett) - Kaytranada Remix - Gorillaz, Peven Everett, KAYTRANADA.flac
2026-04-11 17:29:56  INFO       🗑️  Gorillaz/The Hardest Thing (feat. Tony Allen) _ Orange County (feat. Bizarrap, Kara Jackson and Anoushka Shankar)/Orange County (feat. Bizarrap, Kara Jackson and Anoushka Shankar) - BZRP Radio Mix - Gorillaz, Bizarrap, Kara Jackson, Anoushka Shankar.flac
2026-04-11 17:29:56  INFO       🗑️  Gorillaz/The Singles Collection 2001-2011/19-2000 - Soulchild Remix - Gorillaz.flac
2026-04-11 17:29:56  INFO       🗑️  Gorillaz/Tranz (Poté Remix)/Tranz - Poté Remix - Gorillaz, Poté.flac
2026-04-11 17:29:56  INFO       🗑️  Gorillaz/We Got the Power (feat. Jehnny Beth) [Claptone Remix]/We Got the Power (feat. Jehnny Beth) - Claptone Remix - Gorillaz, Jehnny Beth, Claptone.flac
2026-04-11 17:29:56  INFO       🗑️  Imagine Dragons/Believer (Kaskade Remix)/Believer - Kaskade Remix - Imagine Dragons, Kaskade.flac
2026-04-11 17:29:56  INFO       🗑️  Imagine Dragons/Bones (twocolors Remix)/Bones - twocolors Remix - Imagine Dragons, twocolors.flac
2026-04-11 17:29:56  INFO       🗑️  Imagine Dragons/Gold (Jorgen Odegard Remix)/Gold - Jorgen Odegard Remix - Imagine Dragons, Jorgen Odegard.flac
2026-04-11 17:29:56  INFO       🗑️  Imagine Dragons/I Bet My Life (Remixes)/I Bet My Life - Alex Adair Remix - Imagine Dragons.flac
2026-04-11 17:29:56  INFO       🗑️  Imagine Dragons/I Bet My Life (Remixes)/I Bet My Life - Bastille Remix - Imagine Dragons.flac
2026-04-11 17:29:56  INFO       🗑️  Imagine Dragons/I Bet My Life (Remixes)/I Bet My Life - Imagine Dragons Remix - Imagine Dragons.flac
2026-04-11 17:29:56  INFO       🗑️  Imagine Dragons/I Bet My Life (Remixes)/I Bet My Life - Lost Kings Remix - Imagine Dragons.flac
2026-04-11 17:29:56  INFO       🗑️  Imagine Dragons/I Bet My Life (Riot Games Remix)/I Bet My Life - Riot Games Remix - Imagine Dragons.flac
2026-04-11 17:29:56  INFO       🗑️  Imagine Dragons/Imagine Dragons (Spotify Sessions)/Blank Space Stand By Me - Live From Spotify London - Imagine Dragons.flac
2026-04-11 17:29:56  INFO       🗑️  Imagine Dragons/Imagine Dragons Live in Vegas/Believer - Live in Vegas - Imagine Dragons.flac
2026-04-11 17:29:56  INFO       🗑️  Imagine Dragons/Imagine Dragons Live in Vegas/Birds - Live in Vegas - Imagine Dragons.flac
2026-04-11 17:29:56  INFO       🗑️  Imagine Dragons/Imagine Dragons Live in Vegas/Bones - Live in Vegas - Imagine Dragons.flac
2026-04-11 17:29:56  INFO       🗑️  Imagine Dragons/Imagine Dragons Live in Vegas/Demons - Live in Vegas - Imagine Dragons.flac
2026-04-11 17:29:56  INFO       🗑️  Imagine Dragons/Imagine Dragons Live in Vegas/Enemy - Live in Vegas - Imagine Dragons.flac
2026-04-11 17:29:56  INFO       🗑️  Imagine Dragons/Imagine Dragons Live in Vegas/Follow You - Live in Vegas - Imagine Dragons.flac
2026-04-11 17:29:56  INFO       🗑️  Imagine Dragons/Imagine Dragons Live in Vegas/I Bet My Life (Acoustic) - Live in Vegas - Imagine Dragons.flac
2026-04-11 17:29:56  INFO       🗑️  Imagine Dragons/Imagine Dragons Live in Vegas/I'm Happy - Live in Vegas - Imagine Dragons.flac
2026-04-11 17:29:56  INFO       🗑️  Imagine Dragons/Imagine Dragons Live in Vegas/I'm So Sorry - Live in Vegas - Imagine Dragons.flac
2026-04-11 17:29:56  INFO       🗑️  Imagine Dragons/Imagine Dragons Live in Vegas/It's Time - Live in Vegas - Imagine Dragons.flac
2026-04-11 17:29:56  INFO       🗑️  Imagine Dragons/Imagine Dragons Live in Vegas/Las Vegas, Our Home - Live in Vegas - Imagine Dragons.flac
2026-04-11 17:29:56  INFO       🗑️  Imagine Dragons/Imagine Dragons Live in Vegas/Lonely - Live in Vegas - Imagine Dragons.flac
2026-04-11 17:29:56  INFO       🗑️  Imagine Dragons/Imagine Dragons Live in Vegas/My Life - Live in Vegas - Imagine Dragons.flac
2026-04-11 17:29:56  INFO       🗑️  Imagine Dragons/Imagine Dragons Live in Vegas/Natural - Live in Vegas - Imagine Dragons.flac
2026-04-11 17:29:56  INFO       🗑️  Imagine Dragons/Imagine Dragons Live in Vegas/Next to Me (Acoustic) - Live in Vegas - Imagine Dragons.flac
2026-04-11 17:29:56  INFO       🗑️  Imagine Dragons/Imagine Dragons Live in Vegas/On Top of the World - Live in Vegas - Imagine Dragons.flac
2026-04-11 17:29:56  INFO       🗑️  Imagine Dragons/Imagine Dragons Live in Vegas/One Day (Acoustic) - Live in Vegas - Imagine Dragons.flac
2026-04-11 17:29:56  INFO       🗑️  Imagine Dragons/Imagine Dragons Live in Vegas/Radioactive - Live in Vegas - Imagine Dragons.flac
2026-04-11 17:29:56  INFO       🗑️  Imagine Dragons/Imagine Dragons Live in Vegas/Sharks - Live in Vegas - Imagine Dragons.flac
2026-04-11 17:29:56  INFO       🗑️  Imagine Dragons/Imagine Dragons Live in Vegas/Thunder - Live in Vegas - Imagine Dragons.flac
2026-04-11 17:29:56  INFO       🗑️  Imagine Dragons/Imagine Dragons Live in Vegas/Walking the Wire My Life - Live in Vegas - Imagine Dragons.flac
2026-04-11 17:29:56  INFO       🗑️  Imagine Dragons/Imagine Dragons Live in Vegas/Whatever It Takes - Live in Vegas - Imagine Dragons.flac
2026-04-11 17:29:56  INFO       🗑️  Imagine Dragons/Imagine Dragons Live in Vegas/Younger - Live in Vegas - Imagine Dragons.flac
2026-04-11 17:29:56  INFO       🗑️  Imagine Dragons/Live At AllSaints Studios/Believer - Live Acoustic - Imagine Dragons.flac
2026-04-11 17:29:56  INFO       🗑️  Imagine Dragons/Live At AllSaints Studios/Hand In My Pocket - Live Acoustic Cover - Imagine Dragons.flac
2026-04-11 17:29:56  INFO       🗑️  Imagine Dragons/Live At AllSaints Studios/Thunder - Live Acoustic - Imagine Dragons.flac
2026-04-11 17:29:56  INFO       🗑️  Imagine Dragons/Live At AllSaints Studios/Whatever It Takes - Live Acoustic - Imagine Dragons.flac
2026-04-11 17:29:56  INFO       🗑️  Imagine Dragons/Night Visions (Expanded Edition _ Super Deluxe)/Amsterdam - Live From Red Rocks 2014 - Imagine Dragons.flac
2026-04-11 17:29:56  INFO       🗑️  Imagine Dragons/Night Visions (Expanded Edition _ Super Deluxe)/Cha-Ching (Till We Grow Older) - Live From Red Rocks 2014 - Imagine Dragons.flac
2026-04-11 17:29:56  INFO       🗑️  Imagine Dragons/Night Visions (Expanded Edition _ Super Deluxe)/Demons - Imagine Dragons Remix - Imagine Dragons.flac
2026-04-11 17:29:56  INFO       🗑️  Imagine Dragons/Night Visions (Expanded Edition _ Super Deluxe)/Demons - KIDinaKORNER Remix - Imagine Dragons, Alex Da Kid, Jayson DeZuzio, Hygrade.flac
2026-04-11 17:29:56  INFO       🗑️  Imagine Dragons/Night Visions (Expanded Edition _ Super Deluxe)/Demons - Live From Red Rocks 2014 - Imagine Dragons.flac
2026-04-11 17:29:56  INFO       🗑️  Imagine Dragons/Night Visions (Expanded Edition _ Super Deluxe)/Demons - Live London Sessions 2013 - Imagine Dragons.flac
2026-04-11 17:29:56  INFO       🗑️  Imagine Dragons/Night Visions (Expanded Edition _ Super Deluxe)/Demons - Politik Remix - Imagine Dragons, DJ Politik.flac
2026-04-11 17:29:56  INFO       🗑️  Imagine Dragons/Night Visions (Expanded Edition _ Super Deluxe)/Demons - TELYKast Remix - Imagine Dragons, TELYKAST.flac
2026-04-11 17:29:56  INFO       🗑️  Imagine Dragons/Night Visions (Expanded Edition _ Super Deluxe)/Hear Me - Live From Red Rocks 2014 - Imagine Dragons.flac
2026-04-11 17:29:56  INFO       🗑️  Imagine Dragons/Night Visions (Expanded Edition _ Super Deluxe)/Hear Me - Spector Remix - Imagine Dragons.flac
2026-04-11 17:29:56  INFO       🗑️  Imagine Dragons/Night Visions (Expanded Edition _ Super Deluxe)/It's Time - Bastille Remix - Imagine Dragons.flac
2026-04-11 17:29:56  INFO       🗑️  Imagine Dragons/Night Visions (Expanded Edition _ Super Deluxe)/It's Time - Cherry Cherry Boom Boom Remix - Imagine Dragons.flac
2026-04-11 17:29:56  INFO       🗑️  Imagine Dragons/Night Visions (Expanded Edition _ Super Deluxe)/It's Time - JailBreaks Remix - Imagine Dragons.flac
2026-04-11 17:29:56  INFO       🗑️  Imagine Dragons/Night Visions (Expanded Edition _ Super Deluxe)/It's Time - Kat Krazy Remix - Imagine Dragons.flac
2026-04-11 17:29:56  INFO       🗑️  Imagine Dragons/Night Visions (Expanded Edition _ Super Deluxe)/It's Time - Live From Red Rocks 2014 - Imagine Dragons.flac
2026-04-11 17:29:56  INFO       🗑️  Imagine Dragons/Night Visions (Expanded Edition _ Super Deluxe)/It's Time - Live London Sessions 2013 - Imagine Dragons.flac
2026-04-11 17:29:56  INFO       🗑️  Imagine Dragons/Night Visions (Expanded Edition _ Super Deluxe)/It's Time - Passion Pit Remix - Imagine Dragons.flac
2026-04-11 17:29:56  INFO       🗑️  Imagine Dragons/Night Visions (Expanded Edition _ Super Deluxe)/It's Time - Penguin Prison Remix - Imagine Dragons.flac
2026-04-11 17:29:56  INFO       🗑️  Imagine Dragons/Night Visions (Expanded Edition _ Super Deluxe)/It's Time - StunGun & JailBreaks Remix - Imagine Dragons.flac
2026-04-11 17:29:56  INFO       🗑️  Imagine Dragons/Night Visions (Expanded Edition _ Super Deluxe)/It's Time - White Sea Remix - Imagine Dragons.flac
2026-04-11 17:29:56  INFO       🗑️  Imagine Dragons/Night Visions (Expanded Edition _ Super Deluxe)/On Top Of The World - Live From Red Rocks 2014 - Imagine Dragons.flac
2026-04-11 17:29:56  INFO       🗑️  Imagine Dragons/Night Visions (Expanded Edition _ Super Deluxe)/On Top Of The World - RAC Remix - Imagine Dragons, RAC.flac
2026-04-11 17:29:56  INFO       🗑️  Imagine Dragons/Night Visions (Expanded Edition _ Super Deluxe)/Radioactive - Grouplove & Captain Cuts Remix - Imagine Dragons, GROUPLOVE, Captain Cuts.flac
2026-04-11 17:29:56  INFO       🗑️  Imagine Dragons/Night Visions (Expanded Edition _ Super Deluxe)/Radioactive - Live From Red Rocks 2014 - Imagine Dragons.flac
2026-04-11 17:29:56  INFO       🗑️  Imagine Dragons/Night Visions (Expanded Edition _ Super Deluxe)/Radioactive - Live London Sessions 2013 - Imagine Dragons.flac
2026-04-11 17:29:56  INFO       🗑️  Imagine Dragons/Night Visions (Expanded Edition _ Super Deluxe)/Rocks - Live From Red Rocks 2014 - Imagine Dragons.flac
2026-04-11 17:29:56  INFO       🗑️  Imagine Dragons/Night Visions (Expanded Edition _ Super Deluxe)/Round And Round - Live From Red Rocks 2014 - Imagine Dragons.flac
2026-04-11 17:29:56  INFO       🗑️  Imagine Dragons/Night Visions (Expanded Edition _ Super Deluxe)/Tiptoe - Live From Red Rocks 2014 - Imagine Dragons.flac
2026-04-11 17:29:56  INFO       🗑️  Imagine Dragons/Night Visions (Expanded Edition _ Super Deluxe)/Underdog - Live From Red Rocks 2014 - Imagine Dragons.flac
2026-04-11 17:29:56  INFO       🗑️  Imagine Dragons/Shots (The Funk Hunters Remix)/Shots - The Funk Hunters Remix - Imagine Dragons, The Funk Hunters.flac
2026-04-11 17:29:56  INFO       🗑️  Imagine Dragons/Shots EP/Shots - Acoustic (Piano) Live From The Smith Center Las Vegas - Imagine Dragons, Broiler.flac
2026-04-11 17:29:56  INFO       🗑️  Imagine Dragons/Shots EP/Shots - Astrolith Remix - Imagine Dragons, Broiler.flac
2026-04-11 17:29:56  INFO       🗑️  Imagine Dragons/Shots EP/Shots - Broiler Extended Club Remix - Imagine Dragons, Broiler.flac
2026-04-11 17:29:56  INFO       🗑️  Imagine Dragons/Smoke + Mirrors (Deluxe)/Shots - Broiler Remix - Imagine Dragons, Broiler.flac
2026-04-11 17:29:56  INFO       🗑️  Imagine Dragons/Smoke + Mirrors Live (Live At The Air Canada Centre)/Amsterdam - Live - Imagine Dragons.flac
2026-04-11 17:29:56  INFO       🗑️  Imagine Dragons/Smoke + Mirrors Live (Live At The Air Canada Centre)/Demons Bleeding Out Warriors - Live - Imagine Dragons.flac
2026-04-11 17:29:56  INFO       🗑️  Imagine Dragons/Smoke + Mirrors Live (Live At The Air Canada Centre)/Forever Young Smoke And Mirrors - Live - Imagine Dragons.flac
2026-04-11 17:29:56  INFO       🗑️  Imagine Dragons/Smoke + Mirrors Live (Live At The Air Canada Centre)/Friction - Live - Imagine Dragons.flac
2026-04-11 17:29:56  INFO       🗑️  Imagine Dragons/Smoke + Mirrors Live (Live At The Air Canada Centre)/Gold - Live - Imagine Dragons.flac
2026-04-11 17:29:56  INFO       🗑️  Imagine Dragons/Smoke + Mirrors Live (Live At The Air Canada Centre)/Hopeless Opus - Live - Imagine Dragons.flac
2026-04-11 17:29:56  INFO       🗑️  Imagine Dragons/Smoke + Mirrors Live (Live At The Air Canada Centre)/I Bet My Life - Live - Imagine Dragons.flac
2026-04-11 17:29:56  INFO       🗑️  Imagine Dragons/Smoke + Mirrors Live (Live At The Air Canada Centre)/I'm So Sorry - Live - Imagine Dragons.flac
2026-04-11 17:29:56  INFO       🗑️  Imagine Dragons/Smoke + Mirrors Live (Live At The Air Canada Centre)/Intro - Live - Imagine Dragons.flac
2026-04-11 17:29:56  INFO       🗑️  Imagine Dragons/Smoke + Mirrors Live (Live At The Air Canada Centre)/It's Time - Live - Imagine Dragons.flac
2026-04-11 17:29:56  INFO       🗑️  Imagine Dragons/Smoke + Mirrors Live (Live At The Air Canada Centre)/On Top Of The World - Live - Imagine Dragons.flac
2026-04-11 17:29:56  INFO       🗑️  Imagine Dragons/Smoke + Mirrors Live (Live At The Air Canada Centre)/Polaroid - Live - Imagine Dragons.flac
2026-04-11 17:29:56  INFO       🗑️  Imagine Dragons/Smoke + Mirrors Live (Live At The Air Canada Centre)/Radioactive - Live - Imagine Dragons.flac
2026-04-11 17:29:56  INFO       🗑️  Imagine Dragons/Smoke + Mirrors Live (Live At The Air Canada Centre)/Release - Live - Imagine Dragons.flac
2026-04-11 17:29:56  INFO       🗑️  Imagine Dragons/Smoke + Mirrors Live (Live At The Air Canada Centre)/Shots - Live - Imagine Dragons.flac
2026-04-11 17:29:56  INFO       🗑️  Imagine Dragons/Smoke + Mirrors Live (Live At The Air Canada Centre)/The Fall - Live - Imagine Dragons.flac
2026-04-11 17:29:56  INFO       🗑️  Imagine Dragons/Smoke + Mirrors Live (Live At The Air Canada Centre)/Thief - Live - Imagine Dragons.flac
2026-04-11 17:29:56  INFO       🗑️  Imagine Dragons/Smoke + Mirrors Live (Live At The Air Canada Centre)/Trouble - Live - Imagine Dragons.flac
2026-04-11 17:29:56  INFO       🗑️  Imagine Dragons/Stars Will Align (Zerb Remix)/Stars Will Align - Zerb Remix - Kygo, Imagine Dragons, Zerb.flac
2026-04-11 17:29:56  INFO       🗑️  Imagine Dragons/Thunder (With K.Flay) [Official Remix]/Thunder (With K.Flay) - Official Remix - Imagine Dragons, K.Flay.flac
2026-04-11 17:29:56  INFO       🗑️  Imagine Dragons/Whatever It Takes (Jorgen Odegard Remix)/Whatever It Takes - Jorgen Odegard Remix - Imagine Dragons, Jorgen Odegard.flac
2026-04-11 17:29:56  INFO       🗑️  Imagine Dragons/Whatever It Takes (Miss Congeniality Remix)/Whatever It Takes - Miss Congeniality Remix - Imagine Dragons, Miss Congeniality.flac
2026-04-11 17:29:56  INFO       🗑️  Indila/Love Story - Indila Remix/Love Story - Indila Remix - Mark Diaz, Indila.flac
2026-04-11 17:29:56  INFO       🗑️  Indila/Spotify Session/Love Story - Live From Spotify Paris - Indila.flac
2026-04-11 17:29:56  INFO       🗑️  Indila/Spotify Session/Run Run - Live From Spotify Paris - Indila.flac
2026-04-11 17:29:56  INFO       🗑️  Indila/Spotify Session/Tourner Dans Le Vide - Live From Spotify Paris - Indila.flac
2026-04-11 17:29:56  INFO       🗑️  Jok'air/Jok'travolta (La fièvre)/Radio sexe - Bonus Track - Jok'air.flac
2026-04-11 17:29:56  INFO       🗑️  Jok'air/VI République (Version finale)/Interlude Ma tata - Jok'air.flac
2026-04-11 17:29:56  INFO       🗑️  Jok'air/VI République (Version finale)/Nakamura - Bonus track - Jok'air.flac
2026-04-11 17:29:56  INFO       🗑️  Jok'air/VI République (Version finale)/Oh nana - Bonus track - Jok'air, Naza.flac
2026-04-11 17:29:56  INFO       🗑️  Justin Bieber/As Long As You Love Me (Remixes)/As Long As You Love Me - Audien Dubstep Edit - Justin Bieber, Big Sean, Audien.flac
2026-04-11 17:29:56  INFO       🗑️  Justin Bieber/As Long As You Love Me (Remixes)/As Long As You Love Me - Audiobot Edit - Justin Bieber, Audiobot.flac
2026-04-11 17:29:56  INFO       🗑️  Justin Bieber/As Long As You Love Me (Remixes)/As Long As You Love Me - Ferry Corsten Remix - Justin Bieber, Ferry Corsten.flac
2026-04-11 17:29:56  INFO       🗑️  Justin Bieber/As Long As You Love Me (Remixes)/As Long As You Love Me - PAULO & JACKINSKY Club Mix - Justin Bieber, PAULO & JACKINSKY.flac
2026-04-11 17:29:56  INFO       🗑️  Justin Bieber/Beauty And A Beat (Remixes)/Beauty And A Beat - Bisbetic Instrumental - Justin Bieber, Bisbetic.flac
2026-04-11 17:29:56  INFO       🗑️  Justin Bieber/Beauty And A Beat (Remixes)/Beauty And A Beat - Bisbetic Radio Mix - Justin Bieber, Nicki Minaj, Bisbetic.flac
2026-04-11 17:29:56  INFO       🗑️  Justin Bieber/Beauty And A Beat (Remixes)/Beauty And A Beat - Bisbetic Remix - Justin Bieber, Nicki Minaj, Bisbetic.flac
2026-04-11 17:29:56  INFO       🗑️  Justin Bieber/Beauty And A Beat (Remixes)/Beauty And A Beat - DJ Laszlo Body Rock Club Mix - Justin Bieber, Nicki Minaj.flac
2026-04-11 17:29:56  INFO       🗑️  Justin Bieber/Beauty And A Beat (Remixes)/Beauty And A Beat - DJ Laszlo Body Rock Instrumental - Justin Bieber.flac
2026-04-11 17:29:56  INFO       🗑️  Justin Bieber/Beauty And A Beat (Remixes)/Beauty And A Beat - DJ Laszlo Body Rock Radio Mix - Justin Bieber, Nicki Minaj.flac
2026-04-11 17:29:56  INFO       🗑️  Justin Bieber/Beauty And A Beat (Remixes)/Beauty And A Beat - Steven Redant Beauty and The Club Mix - Justin Bieber, Nicki Minaj.flac
2026-04-11 17:29:56  INFO       🗑️  Justin Bieber/Beauty And A Beat (Remixes)/Beauty And A Beat - Wideboys Club Mix - Justin Bieber, Nicki Minaj, Wideboys.flac
2026-04-11 17:29:56  INFO       🗑️  Justin Bieber/Beauty And A Beat (Remixes)/Beauty And A Beat - Wideboys Radio Mix - Justin Bieber, Nicki Minaj, Wideboys.flac
2026-04-11 17:29:56  INFO       🗑️  Justin Bieber/Believe Acoustic/All Around The World - Acoustic Version - Justin Bieber.flac
2026-04-11 17:29:56  INFO       🗑️  Justin Bieber/Believe Acoustic/As Long As You Love Me - Acoustic Version - Justin Bieber.flac
2026-04-11 17:29:56  INFO       🗑️  Justin Bieber/Believe Acoustic/Be Alright - Acoustic Version - Justin Bieber.flac
2026-04-11 17:29:56  INFO       🗑️  Justin Bieber/Believe Acoustic/Boyfriend - Acoustic Version - Justin Bieber.flac
2026-04-11 17:29:56  INFO       🗑️  Justin Bieber/Believe Acoustic/Fall - Live - Justin Bieber.flac
2026-04-11 17:29:56  INFO       🗑️  Justin Bieber/Believe Acoustic/She Don't Like The Lights - Acoustic Version - Justin Bieber.flac
2026-04-11 17:29:56  INFO       🗑️  Justin Bieber/Believe Acoustic/Take You - Acoustic Version - Justin Bieber.flac
2026-04-11 17:29:56  INFO       🗑️  Justin Bieber/Boyfriend (Dada Life Remix)/Boyfriend - Dada Life Remix - Justin Bieber, Dada Life.flac
2026-04-11 17:29:56  INFO       🗑️  Justin Bieber/Boyfriend (Remixes)/Boyfriend - Joe Gauthreaux & Peter Barona Club Mix - Justin Bieber, Joe Gauthreaux.flac
2026-04-11 17:29:56  INFO       🗑️  Justin Bieber/Boyfriend (Remixes)/Boyfriend - Joe Gauthreaux & Peter Barona Full Vocal Club Mix - Justin Bieber, Joe Gauthreaux.flac
2026-04-11 17:29:56  INFO       🗑️  Justin Bieber/Boyfriend (Remixes)/Boyfriend - Oliver Twizt Instrumental - Justin Bieber, Oliver Twizt.flac
2026-04-11 17:29:56  INFO       🗑️  Justin Bieber/Boyfriend (Remixes)/Boyfriend - Vice Instrumental - Justin Bieber, Vice, Kemal Golden, SGT. Slick.flac
2026-04-11 17:29:56  INFO       🗑️  Justin Bieber/Changes/Yummy - Summer Walker Remix - Justin Bieber, Summer Walker.flac
2026-04-11 17:29:56  INFO       🗑️  Justin Bieber/Holy (Acoustic)/Holy - Acoustic - Justin Bieber, Chance the Rapper.flac
2026-04-11 17:29:56  INFO       🗑️  Justin Bieber/I Don't Care (with Justin Bieber) [Jonas Blue Remix]/I Don't Care (with Justin Bieber) - Jonas Blue Remix - Ed Sheeran, Justin Bieber, Jonas Blue.flac
2026-04-11 17:29:56  INFO       🗑️  Justin Bieber/I Don't Care (with Justin Bieber) [Loud Luxury Remix]/I Don't Care (with Justin Bieber) - Loud Luxury Remix - Ed Sheeran, Justin Bieber, Loud Luxury.flac
2026-04-11 17:29:56  INFO       🗑️  Justin Bieber/Intentions (Acoustic)/Intentions - Acoustic - Justin Bieber.flac
2026-04-11 17:29:56  INFO       🗑️  Justin Bieber/Justice (The Complete Edition)/MLK Interlude - -.flac
2026-04-11 17:29:56  INFO       🗑️  Justin Bieber/Lonely (with benny blanco) [Main + Acoustic]/Lonely (with benny blanco) - Acoustic - Justin Bieber, benny blanco.flac
2026-04-11 17:29:56  INFO       🗑️  Justin Bieber/Mood (Remix) feat. Justin Bieber, J Balvin & iann dior/Mood (Remix) feat. Justin Bieber, J Balvin & iann dior - 24kGoldn, Justin Bieber, J Balvin, iann dior.flac
2026-04-11 17:29:56  INFO       🗑️  Justin Bieber/My Worlds (International Version)/Common Denominator - iTunes Bonus - Justin Bieber.flac
2026-04-11 17:29:56  INFO       🗑️  Justin Bieber/My Worlds - The Collection (International Package)/Baby - Acoustic Version - Justin Bieber.flac
2026-04-11 17:29:56  INFO       🗑️  Justin Bieber/My Worlds - The Collection (International Package)/Down To Earth - Acoustic Version - Justin Bieber.flac
2026-04-11 17:29:56  INFO       🗑️  Justin Bieber/My Worlds - The Collection (International Package)/Favorite Girl (Live) - Acoustic Version - Justin Bieber.flac
2026-04-11 17:29:56  INFO       🗑️  Justin Bieber/My Worlds - The Collection (International Package)/Never Say Never - Acoustic Version - Justin Bieber, Jaden.flac
2026-04-11 17:29:56  INFO       🗑️  Justin Bieber/My Worlds - The Collection (International Package)/One Less Lonely Girl - Acoustic - Justin Bieber.flac
2026-04-11 17:29:56  INFO       🗑️  Justin Bieber/My Worlds - The Collection (International Package)/One Time - Acoustic Version - Justin Bieber.flac
2026-04-11 17:29:56  INFO       🗑️  Justin Bieber/My Worlds - The Collection (International Package)/Pray - Acoustic Version - Justin Bieber.flac
2026-04-11 17:29:56  INFO       🗑️  Justin Bieber/My Worlds - The Collection (International Package)/Somebody To Love - J Stax Remix - Justin Bieber, J-Stax.flac
2026-04-11 17:29:56  INFO       🗑️  Justin Bieber/My Worlds - The Collection (International Package)/Somebody To Love Remix - Single Version - Justin Bieber, USHER.flac
2026-04-11 17:29:56  INFO       🗑️  Justin Bieber/My Worlds - The Collection (International Package)/Stuck In The Moment - Acoustic Version - Justin Bieber.flac
2026-04-11 17:29:56  INFO       🗑️  Justin Bieber/My Worlds - The Collection (International Package)/That Should Be Me - Acoustic Version - Justin Bieber.flac
2026-04-11 17:29:56  INFO       🗑️  Justin Bieber/My Worlds - The Collection (International Package)/U Smile - Acoustic Version - Justin Bieber.flac
2026-04-11 17:29:56  INFO       🗑️  Justin Bieber/Never Say Never - The Remixes/Overboard (Live) - Justin Bieber, Miley Cyrus.flac
2026-04-11 17:29:56  INFO       🗑️  Justin Bieber/Never Say Never - The Remixes/Runaway Love - Kanye West Remix - Justin Bieber, Raekwon.flac
2026-04-11 17:29:56  INFO       🗑️  Justin Bieber/Never Say Never - The Remixes/Somebody To Love Remix - Justin Bieber, USHER.flac
2026-04-11 17:29:56  INFO       🗑️  Justin Bieber/Peaches (Masterkraft Remix)/Peaches (Masterkraft Remix) feat. Alpha P & Omah Lay - Justin Bieber, Alpha P, OMAH LAY, Masterkraft.flac
2026-04-11 17:29:56  INFO       🗑️  Justin Bieber/Peaches (Remix)/Peaches (Remix) feat. Ludacris, Usher & Snoop Dogg - Justin Bieber, USHER, Snoop Dogg, Ludacris.flac
2026-04-11 17:29:56  INFO       🗑️  Justin Bieber/Purpose (Deluxe)/What Do You Mean - Acoustic - Justin Bieber.flac
2026-04-11 17:29:56  INFO       🗑️  Justin Bieber/SWAG II/THERAPY SESSION - Justin Bieber, Druski.flac
2026-04-11 17:29:56  INFO       🗑️  Justin Bieber/Snooze (Acoustic) (feat. Justin Bieber)/Snooze (Acoustic) (feat. Justin Bieber) - SZA, Justin Bieber.flac
2026-04-11 17:29:56  INFO       🗑️  Justin Bieber/Sorry (Latino Remix)/Sorry - Latino Remix - Justin Bieber, J Balvin.flac
2026-04-11 17:29:56  INFO       🗑️  Justin Bieber/Under The Mistletoe (Deluxe Edition)/Fa La La - A Cappella - Justin Bieber, Boyz II Men.flac
2026-04-11 17:29:56  INFO       🗑️  Justin Bieber/Yummy (Country Remix)/Yummy - Country Remix - Justin Bieber, Florida Georgia Line.flac
2026-04-11 17:29:56  INFO       🗑️  Lady Gaga/911 (Bruno Martini Remix)/911 - Bruno Martini Extended Remix - Lady Gaga, Bruno Martini.flac
2026-04-11 17:29:56  INFO       🗑️  Lady Gaga/911 (Bruno Martini Remix)/911 - Bruno Martini Remix - Lady Gaga, Bruno Martini.flac
2026-04-11 17:29:56  INFO       🗑️  Lady Gaga/911 (Sofi Tukker Remix)/911 - Sofi Tukker Extended Remix - Lady Gaga, SOFI TUKKER.flac
2026-04-11 17:29:56  INFO       🗑️  Lady Gaga/911 (Sofi Tukker Remix)/911 - Sofi Tukker Remix - Lady Gaga, SOFI TUKKER.flac
2026-04-11 17:29:56  INFO       🗑️  Lady Gaga/911 (WEISS Remix)/911 - WEISS Remix - Lady Gaga, WEISS.flac
2026-04-11 17:29:56  INFO       🗑️  Lady Gaga/A Star Is Born Soundtrack/Intro - Cast.flac
2026-04-11 17:29:56  INFO       🗑️  Lady Gaga/A Very Gaga Holiday/Orange Colored Sky - Live from A Very Gaga Thanksgiving' - Lady Gaga.flac
2026-04-11 17:29:56  INFO       🗑️  Lady Gaga/A Very Gaga Holiday/The Edge Of Glory - Live From A Very Gaga Thanksgiving - Lady Gaga.flac
2026-04-11 17:29:56  INFO       🗑️  Lady Gaga/A Very Gaga Holiday/White Christmas - Live - Lady Gaga.flac
2026-04-11 17:29:56  INFO       🗑️  Lady Gaga/A Very Gaga Holiday/Yoü And I - Live from A Very Gaga Thanksgiving' - Lady Gaga.flac
2026-04-11 17:29:56  INFO       🗑️  Lady Gaga/Abracadabra (Gesaffelstein Remix)/Abracadabra - Gesaffelstein Remix - Lady Gaga, Gesaffelstein.flac
2026-04-11 17:29:56  INFO       🗑️  Lady Gaga/Applause (Remixes)/Applause - Bent Collective Club Mix - Lady Gaga, Steven Redant, Danny Verde, Guy Scheiman.flac
2026-04-11 17:29:56  INFO       🗑️  Lady Gaga/Applause (Remixes)/Applause - DJ White Shadow Electrotech Remix - Lady Gaga, DJ White Shadow.flac
2026-04-11 17:29:56  INFO       🗑️  Lady Gaga/Applause (Remixes)/Applause - DJ White Shadow Trap Remix - Lady Gaga, DJ White Shadow.flac
2026-04-11 17:29:56  INFO       🗑️  Lady Gaga/Applause (Remixes)/Applause - Empire Of The Sun Remix - Lady Gaga, Luke Steele, Nick Littlemore, Peter Mayes, Jonathan Sloan.flac
2026-04-11 17:29:56  INFO       🗑️  Lady Gaga/Applause (Remixes)/Applause - Fareoh Remix - Lady Gaga, Fareoh.flac
2026-04-11 17:29:56  INFO       🗑️  Lady Gaga/Applause (Remixes)/Applause - Goldhouse Remix - Lady Gaga, GOLDHOUSE.flac
2026-04-11 17:29:56  INFO       🗑️  Lady Gaga/Applause (Remixes)/Applause - Purity Ring Remix - Lady Gaga, Purity Ring.flac
2026-04-11 17:29:56  INFO       🗑️  Lady Gaga/Applause (Remixes)/Applause - Viceroy Remix - Lady Gaga, Viceroy.flac
2026-04-11 17:29:56  INFO       🗑️  Lady Gaga/Dawn Of Chromatica/1000 Doves - Planningtorock Remix - Lady Gaga, Planningtorock.flac
2026-04-11 17:29:56  INFO       🗑️  Lady Gaga/Dawn Of Chromatica/911 - Charli XCX & A. G. Cook Remix - Lady Gaga, Charli xcx, A. G. Cook.flac
2026-04-11 17:29:56  INFO       🗑️  Lady Gaga/Dawn Of Chromatica/Alice - LSDXOXO Remix - Lady Gaga, LSDXOXO.flac
2026-04-11 17:29:56  INFO       🗑️  Lady Gaga/Dawn Of Chromatica/Babylon - Bree Runway & Jimmy Edgar Remix - Lady Gaga, Bree Runway, JIMMY EDGAR.flac
2026-04-11 17:29:56  INFO       🗑️  Lady Gaga/Dawn Of Chromatica/Enigma - Doss Remix - Lady Gaga, Doss.flac
2026-04-11 17:29:56  INFO       🗑️  Lady Gaga/Dawn Of Chromatica/Free Woman - Rina Sawayama & Clarence Clarity Remix - Lady Gaga, Rina Sawayama, Clarence Clarity.flac
2026-04-11 17:29:56  INFO       🗑️  Lady Gaga/Dawn Of Chromatica/Fun Tonight - Pabllo Vittar Remix - Lady Gaga, Pabllo Vittar.flac
2026-04-11 17:29:56  INFO       🗑️  Lady Gaga/Dawn Of Chromatica/Plastic Doll - Ashnikko Remix - Lady Gaga, Ashnikko, Oscar Scheller.flac
2026-04-11 17:29:56  INFO       🗑️  Lady Gaga/Dawn Of Chromatica/Rain On Me (with Ariana Grande) - Arca Remix - Lady Gaga, Ariana Grande, Arca.flac
2026-04-11 17:29:56  INFO       🗑️  Lady Gaga/Dawn Of Chromatica/Replay - Dorian Electra Remix - Lady Gaga, Dorian Electra, Chris Greatti, Count Baldor.flac
2026-04-11 17:29:56  INFO       🗑️  Lady Gaga/Dawn Of Chromatica/Sine From Above (with Elton John) - Chester Lockhart, Mood Killer & Lil Texas Remix - Lady Gaga, Elton John, Chester Lockhart, Mood Killer, Lil Texas.flac
2026-04-11 17:29:56  INFO       🗑️  Lady Gaga/Dawn Of Chromatica/Sour Candy (with BLACKPINK) - Shygirl & Mura Masa Remix - Lady Gaga, BLACKPINK, Shygirl, Mura Masa.flac
2026-04-11 17:29:56  INFO       🗑️  Lady Gaga/Dawn Of Chromatica/Stupid Love - COUCOU CHLOE Remix - Lady Gaga, COUCOU CHLOE.flac
2026-04-11 17:29:56  INFO       🗑️  Lady Gaga/Disease/Disease - The Antidote Live - Lady Gaga.flac
2026-04-11 17:29:56  INFO       🗑️  Lady Gaga/Disease/Disease - The Antidote Live Instrumental - Lady Gaga.flac
2026-04-11 17:29:56  INFO       🗑️  Lady Gaga/Disease/Disease - The Poison Live - Lady Gaga.flac
2026-04-11 17:29:56  INFO       🗑️  Lady Gaga/Disease/Disease - The Poison Live Instrumental - Lady Gaga.flac
2026-04-11 17:29:56  INFO       🗑️  Lady Gaga/Free Woman (Honey Dijon Realness Remix)/Free Woman - Honey Dijon Realness Remix - Lady Gaga, Honey Dijon.flac
2026-04-11 17:29:56  INFO       🗑️  Lady Gaga/Free Woman (Honey Dijon Realness Remix)/Free Woman - Honey Dijon Realness Remix Edit - Lady Gaga, Honey Dijon.flac
2026-04-11 17:29:56  INFO       🗑️  Lady Gaga/G.U.Y. (Remixes)/G.U.Y. - KDrew Remix - Lady Gaga, KDrew.flac
2026-04-11 17:29:56  INFO       🗑️  Lady Gaga/G.U.Y. (Remixes)/G.U.Y. - Lovelife Remix - Lady Gaga, Lovelife.flac
2026-04-11 17:29:56  INFO       🗑️  Lady Gaga/G.U.Y. (Remixes)/G.U.Y. - Rami Samir Afuni Remix - Lady Gaga.flac
2026-04-11 17:29:56  INFO       🗑️  Lady Gaga/G.U.Y. (Remixes)/G.U.Y. - St. Lucia Remix - Lady Gaga, St. Lucia.flac
2026-04-11 17:29:56  INFO       🗑️  Lady Gaga/Marry The Night (The Remixes)/Marry The Night - Afrojack Remix - Lady Gaga, AFROJACK.flac
2026-04-11 17:29:56  INFO       🗑️  Lady Gaga/Marry The Night (The Remixes)/Marry The Night - Danny Verde Remix - Lady Gaga, Danny Verde.flac
2026-04-11 17:29:56  INFO       🗑️  Lady Gaga/Marry The Night (The Remixes)/Marry The Night - Dimitri Vegas & Like Mike Remix - Lady Gaga, Dimitri Vegas & Like Mike.flac
2026-04-11 17:29:56  INFO       🗑️  Lady Gaga/Marry The Night (The Remixes)/Marry The Night - John Dahlback Remix - Lady Gaga, John Dahlbäck.flac
2026-04-11 17:29:56  INFO       🗑️  Lady Gaga/Marry The Night (The Remixes)/Marry The Night - Lazy Rich Remix - Lady Gaga, Lazy Rich.flac
2026-04-11 17:29:56  INFO       🗑️  Lady Gaga/Marry The Night (The Remixes)/Marry The Night - Quintino Remix - Lady Gaga, Quintino.flac
2026-04-11 17:29:56  INFO       🗑️  Lady Gaga/Marry The Night (The Remixes)/Marry The Night - R3hab Remix - Lady Gaga, R3HAB.flac
2026-04-11 17:29:56  INFO       🗑️  Lady Gaga/Marry The Night (The Remixes)/Marry The Night - Sander Van Doorn Remix - Lady Gaga, Sander van Doorn.flac
2026-04-11 17:29:56  INFO       🗑️  Lady Gaga/Marry The Night (The Remixes)/Marry The Night - Sidney Samson Remix - Lady Gaga, Sidney Samson.flac
2026-04-11 17:29:56  INFO       🗑️  Lady Gaga/Marry The Night (The Remixes)/Marry The Night - Zedd Remix - Lady Gaga, Zedd.flac
2026-04-11 17:29:56  INFO       🗑️  Lady Gaga/Rain On Me (Purple Disco Machine Remix)/Rain On Me - Purple Disco Machine Remix - Edit - Lady Gaga, Ariana Grande, Purple Disco Machine.flac
2026-04-11 17:29:56  INFO       🗑️  Lady Gaga/Rain On Me (Purple Disco Machine Remix)/Rain On Me - Purple Disco Machine Remix - Lady Gaga, Ariana Grande, Purple Disco Machine.flac
2026-04-11 17:29:56  INFO       🗑️  Lady Gaga/Rain On Me (Ralphi Rosario Remix)/Rain On Me - Ralphi Rosario Remix - Edit - Lady Gaga, Ariana Grande, Ralphi Rosario.flac
2026-04-11 17:29:56  INFO       🗑️  Lady Gaga/Rain On Me (Ralphi Rosario Remix)/Rain On Me - Ralphi Rosario Remix - Lady Gaga, Ariana Grande, Ralphi Rosario.flac
2026-04-11 17:29:56  INFO       🗑️  Lady Gaga/Sweet Sounds Of Heaven (feat. Lady Gaga) [Live at Racket, NYC]/Sweet Sounds Of Heaven (feat. Lady Gaga) - Edit - The Rolling Stones, Lady Gaga.flac
2026-04-11 17:29:56  INFO       🗑️  Lady Gaga/Sweet Sounds Of Heaven (feat. Lady Gaga) [Live at Racket, NYC]/Sweet Sounds Of Heaven (feat. Lady Gaga) - Live at Racket, NYC - The Rolling Stones, Lady Gaga.flac
2026-04-11 17:29:56  INFO       🗑️  Lady Gaga/The Edge of Glory [(Arr. for Wind Ensemble by Matteo di Prospero) Live]/Bad Romance - (Arr. for Wind Ensemble by Matteo di Prospero) - Live - Lady Gaga, Banda S. Cecilia Città di Norma, Matteo di Prospero.flac
2026-04-11 17:29:56  INFO       🗑️  Lady Gaga/The Edge of Glory [(Arr. for Wind Ensemble by Matteo di Prospero) Live]/Poker Face - (Arr. for Wind Ensemble by Matteo di Prospero) - Live - Lady Gaga, RedOne, Banda S. Cecilia Città di Norma, Matteo di Prospero.flac
2026-04-11 17:29:56  INFO       🗑️  Lady Gaga/The Edge of Glory [(Arr. for Wind Ensemble by Matteo di Prospero) Live]/The edge of Glory - (Arr. for Wind Ensemble by Matteo di Prospero) - Live - Lady Gaga, Fernando Garibay, DJ White Shadow, Banda S. Cecilia Città di Norma, Matteo di Prospero.flac
2026-04-11 17:29:56  INFO       🗑️  Lady Gaga/Top Gun_ Maverick (Music From The Motion Picture)/Great Balls Of Fire - Live - Miles Teller.flac
2026-04-11 17:29:56  INFO       🗑️  Lady Gaga/Top Gun_ Maverick (Music From The Motion Picture)/Penny Returns - Interlude - Harold Faltermeyer, Lady Gaga, Hans Zimmer, Lorne Balfe.flac
2026-04-11 17:29:56  INFO       🗑️  Les Déménageurs/Bonjour tout va bien (Le meilleur des demenageurs)/Bonjour tout va bien - Live Sabam 2013 - Les Déménageurs.flac
2026-04-11 17:29:56  INFO       🗑️  Les Déménageurs/Danse avec les gnous/Pas la peine d'aller au zoo - Instrumental - Les Déménageurs.flac
2026-04-11 17:29:56  INFO       🗑️  Rihanna/A Girl Like Me/Pon de Replay - Full Phatt Remix - Rihanna, Matt Ward, Dean Gillard.flac
2026-04-11 17:29:56  INFO       🗑️  Rihanna/Bitch Better Have My Money (GTA Remix)/Bitch Better Have My Money - GTA Remix - Rihanna, Good Times Ahead.flac
2026-04-11 17:29:56  INFO       🗑️  Rihanna/Bitch Better Have My Money (R3hab Remix)/Bitch Better Have My Money - R3hab Remix - Rihanna, R3HAB.flac
2026-04-11 17:29:57  INFO       🗑️  Rihanna/Black Panther_ Wakanda Forever - Music From and Inspired By/Interlude - Stormzy.flac
2026-04-11 17:29:57  INFO       🗑️  Rihanna/Cockiness (Love It) Remix [Explicit Version]/Cockiness (Love It) Remix - Rihanna, A$AP Rocky.flac
2026-04-11 17:29:57  INFO       🗑️  Rihanna/Consideration (Dance Remixes)/Consideration - Dirty South Remix - Rihanna, SZA, Dirty South.flac
2026-04-11 17:29:57  INFO       🗑️  Rihanna/Consideration (Dance Remixes)/Consideration - James Carter Remix - Rihanna, SZA, James Carter.flac
2026-04-11 17:29:57  INFO       🗑️  Rihanna/Consideration (Dance Remixes)/Consideration - MK Remix - Rihanna, SZA, MK.flac
2026-04-11 17:29:57  INFO       🗑️  Rihanna/Consideration (Dance Remixes)/Consideration - Mangal Suvarnan Remix - Rihanna, SZA, Mangal Suvarnan.flac
2026-04-11 17:29:57  INFO       🗑️  Rihanna/Consideration (Dance Remixes)/Consideration - Stafford Brothers Remix - Rihanna, SZA, Stafford Brothers.flac
2026-04-11 17:29:57  INFO       🗑️  Rihanna/Consideration (Dance Remixes)/Consideration - Will Clarke Remix - Rihanna, SZA, Will Clarke.flac
2026-04-11 17:29:57  INFO       🗑️  Rihanna/Desperado (Dance Remixes)/Desperado - Andrelli Remix - Rihanna, Andrelli.flac
2026-04-11 17:29:57  INFO       🗑️  Rihanna/Desperado (Dance Remixes)/Desperado - Fairlane Remix - Rihanna, Fairlane.flac
2026-04-11 17:29:57  INFO       🗑️  Rihanna/Desperado (Dance Remixes)/Desperado - MK Remix - Rihanna, MK.flac
2026-04-11 17:29:57  INFO       🗑️  Rihanna/Desperado - 3LAU Remix - Rihanna, 3LAU.flac
2026-04-11 17:29:57  INFO       🗑️  Rihanna/Diamonds (Remix)/Diamonds - Remix - Rihanna, Kanye West.flac
2026-04-11 17:29:57  INFO       🗑️  Rihanna/Diamonds (Remixes)/Diamonds - Congorock Remix - Rihanna.flac
2026-04-11 17:29:57  INFO       🗑️  Rihanna/Diamonds (Remixes)/Diamonds - Congorock Remix Extended - Rihanna.flac
2026-04-11 17:29:57  INFO       🗑️  Rihanna/Diamonds (Remixes)/Diamonds - Dave Aude 100 Edit - Rihanna, Dave Audé, Kemal Golden.flac
2026-04-11 17:29:57  INFO       🗑️  Rihanna/Diamonds (Remixes)/Diamonds - Gregor Salto Radio Edit - Rihanna, Gregor Salto, Tzvetin Todorov.flac
2026-04-11 17:29:57  INFO       🗑️  Rihanna/Diamonds (Remixes)/Diamonds - Jacob Plant Dubstep Remix - Rihanna.flac
2026-04-11 17:29:57  INFO       🗑️  Rihanna/Diamonds (Remixes)/Diamonds - The Bimbo Jones Vocal Edit - Rihanna, Lee Dagger, Marc Jackson Burrows.flac
2026-04-11 17:29:57  INFO       🗑️  Rihanna/Diamonds (Remixes)/Diamonds - The Bimbo Jones Vocal Remix - Rihanna, Lee Dagger, Marc Jackson Burrows.flac
2026-04-11 17:29:57  INFO       🗑️  Rihanna/Don't Stop The Music_ Remixes/Don't Stop The Music - Jody den Broeder Radio Edit - Rihanna, Jody Den Broeder.flac
2026-04-11 17:29:57  INFO       🗑️  Rihanna/Don't Stop The Music_ Remixes/Don't Stop The Music - Solitaire's More Drama Edit - Rihanna, Lewis Dene, Albert Castillo.flac
2026-04-11 17:29:57  INFO       🗑️  Rihanna/Don't Stop The Music_ Remixes/Don't Stop The Music - The Wideboys Club Mix - Rihanna, Wideboys.flac
2026-04-11 17:29:57  INFO       🗑️  Rihanna/Don't Stop The Music_ Remixes/Don't Stop The Music - The Wideboys Radio Edit - Rihanna, Wideboys.flac
2026-04-11 17:29:57  INFO       🗑️  Rihanna/Friend Of Mine (from the Smurfs Movie Soundtrack)/Friend Of Mine (from the Smurfs Movie Soundtrack) - Instrumental - Rihanna.flac
2026-04-11 17:29:57  INFO       🗑️  Rihanna/Friend Of Mine (from the Smurfs Movie Soundtrack)/Friend Of Mine (from the Smurfs Movie Soundtrack) - Radio Edit - Rihanna.flac
2026-04-11 17:29:57  INFO       🗑️  Rihanna/Hate That I Love You (K-Klassic Remix)/Hate That I Love You - K-Klassic Remix - Rihanna, Ne-Yo, K-Klass.flac
2026-04-11 17:29:57  INFO       🗑️  Rihanna/If It's Lovin' That You Want (Remix)/If It's Lovin' That You Want - Remix - Rihanna, Corey Gunz, Canei.flac
2026-04-11 17:29:57  INFO       🗑️  Rihanna/Kiss It Better (Dance Remix)/Kiss It Better - Feenixpawl Remix - Rihanna.flac
2026-04-11 17:29:57  INFO       🗑️  Rihanna/Kiss It Better (Dance Remix)/Kiss It Better - Four Tet Remix - Rihanna.flac
2026-04-11 17:29:57  INFO       🗑️  Rihanna/Kiss It Better (Dance Remix)/Kiss It Better - R3hab Remix - Rihanna.flac
2026-04-11 17:29:57  INFO       🗑️  Rihanna/Lemon (Edit)/Lemon - Edit - N.E.R.D, Rihanna.flac
2026-04-11 17:29:57  INFO       🗑️  Rihanna/Lemon (feat. Drake) [Drake Remix]/Lemon (feat. Drake) - Drake Remix - N.E.R.D, Rihanna, Drake.flac
2026-04-11 17:29:57  INFO       🗑️  Rihanna/Lift Me Up (From Black Panther_ Wakanda Forever - Music From and Inspired By)/Lift Me Up - Instrumental - Rihanna.flac
2026-04-11 17:29:57  INFO       🗑️  Rihanna/Loud/Only Girl (In The World) - CCW Radio Mix - Rihanna, Cajjmere Wray.flac
2026-04-11 17:29:57  INFO       🗑️  Rihanna/Love On The Brain (Dance Remixes)/Love On The Brain - Don Diablo Remix - Rihanna, Don Diablo.flac
2026-04-11 17:29:57  INFO       🗑️  Rihanna/Love On The Brain (Dance Remixes)/Love On The Brain - Gigamesh Remix - Rihanna, Gigamesh.flac
2026-04-11 17:29:57  INFO       🗑️  Rihanna/Love On The Brain (Dance Remixes)/Love On The Brain - John-Blake Remix - Rihanna, John Blake.flac
2026-04-11 17:29:57  INFO       🗑️  Rihanna/Love On The Brain (Dance Remixes)/Love On The Brain - RY X Remix - Rihanna, RY X.flac
2026-04-11 17:29:57  INFO       🗑️  Rihanna/Music Of The Sun/Pon De Replay - Remix - Rihanna, Elephant Man.flac
2026-04-11 17:29:57  INFO       🗑️  Rihanna/Needed Me (Dance Remix)/Needed Me - ATTLAS Remix - Rihanna.flac
2026-04-11 17:29:57  INFO       🗑️  Rihanna/Needed Me (Dance Remix)/Needed Me - Cosmic Dawn Club Mix - Rihanna.flac
2026-04-11 17:29:57  INFO       🗑️  Rihanna/Needed Me (Dance Remix)/Needed Me - R3hab Remix - Rihanna.flac
2026-04-11 17:29:57  INFO       🗑️  Rihanna/Needed Me (Dance Remix)/Needed Me - Salva Remix - Rihanna.flac
2026-04-11 17:29:57  INFO       🗑️  Rihanna/Needed Me (Dance Remix)/Needed Me - W&W Remix - Rihanna.flac
2026-04-11 17:29:57  INFO       🗑️  Rihanna/Only Girl (In The World)/Only Girl (In The World) - Extended Club - Rihanna.flac
2026-04-11 17:29:57  INFO       🗑️  Rihanna/Pose (Dance Remixes)/Pose - Deadly Zoo Remix - Rihanna, Deadly Zoo.flac
2026-04-11 17:29:57  INFO       🗑️  Rihanna/Pose (Dance Remixes)/Pose - Eva Shaw Remix - Rihanna, Eva Shaw.flac
2026-04-11 17:29:57  INFO       🗑️  Rihanna/Pose (Dance Remixes)/Pose - Far East Movement Remix - Rihanna, Far East Movement.flac
2026-04-11 17:29:57  INFO       🗑️  Rihanna/Pose (Dance Remixes)/Pose - Salva Remix - Rihanna, Salva.flac
2026-04-11 17:29:57  INFO       🗑️  Rihanna/Princess of China/Paradise - Tiësto Remix - Coldplay, Tiësto.flac
2026-04-11 17:29:57  INFO       🗑️  Rihanna/Princess of China/Princess of China - Acoustic - Coldplay, Rihanna.flac
2026-04-11 17:29:57  INFO       🗑️  Rihanna/Princess of China/Princess of China - Invisible Men Remix - Coldplay, Rihanna.flac
2026-04-11 17:29:57  INFO       🗑️  Rihanna/Princess of China/Princess of China - Radio Edit - Coldplay, Rihanna.flac
2026-04-11 17:29:57  INFO       🗑️  Rihanna/Princess of China (Andre Sobota Remix)/Princess of China - Andre Sobota Remix - Coldplay, Rihanna, André Sobota.flac
2026-04-11 17:29:57  INFO       🗑️  Rihanna/Redemption Song [For Haiti Relief (Live From Oprah)]/Redemption Song - For Haiti Relief (Live From Oprah) - Rihanna.flac
2026-04-11 17:29:57  INFO       🗑️  Rihanna/Rehab/Rehab - Instrumental - Rihanna.flac
2026-04-11 17:29:57  INFO       🗑️  Rihanna/Right Now (Remixes)/Right Now - Dyro Club Mix - Rihanna, David Guetta, Dyro.flac
2026-04-11 17:29:57  INFO       🗑️  Rihanna/Right Now (Remixes)/Right Now - Dyro Instrumental - Rihanna, David Guetta, Dyro.flac
2026-04-11 17:29:57  INFO       🗑️  Rihanna/Right Now (Remixes)/Right Now - Dyro Radio Edit - Rihanna, David Guetta, Dyro.flac
2026-04-11 17:29:57  INFO       🗑️  Rihanna/Right Now (Remixes)/Right Now - Justin Prime Instrumental - Rihanna, David Guetta, Justin Prime.flac
2026-04-11 17:29:57  INFO       🗑️  Rihanna/Right Now (Remixes)/Right Now - Justin Prime Radio Edit - Rihanna, David Guetta, Justin Prime.flac
2026-04-11 17:29:57  INFO       🗑️  Rihanna/Right Now (Remixes)/Right Now - Ralphi Rosario Radio Edit - Rihanna, David Guetta, Ralphi Rosario.flac
2026-04-11 17:29:57  INFO       🗑️  Rihanna/Right Now (Remixes)/Right Now - Sick Individuals Instrumental - Rihanna, David Guetta, Sick Individuals.flac
2026-04-11 17:29:57  INFO       🗑️  Rihanna/Right Now (Remixes)/Right Now - Sick Individuals Radio Edit - Rihanna, David Guetta, Sick Individuals.flac
2026-04-11 17:29:57  INFO       🗑️  Rihanna/Right Now (Remixes)/Right Now - Sick Individuals Remix - Rihanna, David Guetta, Sick Individuals.flac
2026-04-11 17:29:57  INFO       🗑️  Rihanna/Rude Boy/Rude Boy - Instrumental - Rihanna.flac
2026-04-11 17:29:57  INFO       🗑️  Rihanna/Russian Roulette (The Remixes) [The Remixes [Masterbeat]]/Russian Roulette - Chew Fu Black Russian Fix (Extended) - Rihanna, Chew Fu.flac
2026-04-11 17:29:57  INFO       🗑️  Rihanna/Russian Roulette (The Remixes) [The Remixes [Masterbeat]]/Russian Roulette - Tony Moran and Warren Rigg Pounding Club Remix - Rihanna, Tony Moran, Warren Rigg.flac
2026-04-11 17:29:57  INFO       🗑️  Rihanna/Russian Roulette (The Remixes) [The Remixes [Masterbeat]]/Russian Roulette - Tony Moran and Warren Rigg Radio Mix - Rihanna, Tony Moran, Warren Rigg.flac
2026-04-11 17:29:57  INFO       🗑️  Rihanna/S&M Remix/S&M Remix - Rihanna, Britney Spears.flac
2026-04-11 17:29:57  INFO       🗑️  Rihanna/SOS/SOS - Radio Edit - Rihanna.flac
2026-04-11 17:29:57  INFO       🗑️  Rihanna/SOS (Glam Club Mix)/SOS - Nevin's Glam Club Mix - Rihanna.flac
2026-04-11 17:29:57  INFO       🗑️  Rihanna/SOS [Electrotek (edit)]/SOS - Nevins Electrotek Edit - Rihanna, Jason Nevins.flac
2026-04-11 17:29:57  INFO       🗑️  Rihanna/SOS [Future Retro (edit)]/SOS - Nevins Future-Retro Edit - Rihanna.flac
2026-04-11 17:29:57  INFO       🗑️  Rihanna/SOS [Nevins Electrotek (Club)]/SOS - Nevins Electrotek Club Mix - Rihanna, Jason Nevins.flac
2026-04-11 17:29:57  INFO       🗑️  Rihanna/Sex With Me (Dance Remixes)/Sex With Me - Addal Remix - Rihanna, Addal.flac
2026-04-11 17:29:57  INFO       🗑️  Rihanna/Sex With Me (Dance Remixes)/Sex With Me - DEVAULT Remix - Rihanna.flac
2026-04-11 17:29:57  INFO       🗑️  Rihanna/Sex With Me (Dance Remixes)/Sex With Me - John-Blake Remix - Rihanna.flac
2026-04-11 17:29:57  INFO       🗑️  Rihanna/Sex With Me (Dance Remixes)/Sex With Me - MK Remix - Rihanna.flac
2026-04-11 17:29:57  INFO       🗑️  Rihanna/Sex With Me (Dance Remixes)/Sex With Me - Salva Remix - Rihanna.flac
2026-04-11 17:29:57  INFO       🗑️  Rihanna/Take A Bow/Don't Stop The Music - Solitaire's More Drama Remix - Rihanna, Lewis Dene, Albert Castillo.flac
2026-04-11 17:29:57  INFO       🗑️  Rihanna/Take A Bow/Take A Bow - Instrumental - Rihanna.flac
2026-04-11 17:29:57  INFO       🗑️  Rihanna/This Is What You Came For (Remixes)/This Is What You Came For - Bobby Puma Remix - Calvin Harris, Rihanna, Bobby Puma.flac
2026-04-11 17:29:57  INFO       🗑️  Rihanna/This Is What You Came For (Remixes)/This Is What You Came For - Dillon Francis Remix - Calvin Harris, Rihanna, Dillon Francis.flac
2026-04-11 17:29:57  INFO       🗑️  Rihanna/This Is What You Came For (Remixes)/This Is What You Came For - Extended Mix - Calvin Harris, Rihanna.flac
2026-04-11 17:29:57  INFO       🗑️  Rihanna/This Is What You Came For (Remixes)/This Is What You Came For - Grandtheft Remix - Calvin Harris, Rihanna, Grandtheft.flac
2026-04-11 17:29:57  INFO       🗑️  Rihanna/This Is What You Came For (Remixes)/This Is What You Came For - R3hab Remix - Calvin Harris, Rihanna, R3HAB.flac
2026-04-11 17:29:57  INFO       🗑️  Rihanna/This Is What You Came For (Remixes)/This Is What You Came For - R3hab vs Henry Fong Remix - Calvin Harris, Rihanna, R3HAB, Henry Fong.flac
2026-04-11 17:29:57  INFO       🗑️  Rihanna/This Is What You Came For (Remixes)/This Is What You Came For - Tony Junior Remix - Calvin Harris, Rihanna, Tony Junior.flac
2026-04-11 17:29:57  INFO       🗑️  Rihanna/Umbrella/Umbrella - Radio Edit - Rihanna, JAŸ-Z.flac
2026-04-11 17:29:57  INFO       🗑️  Rihanna/Umbrella (Remixes)/Umbrella - Jody den Broeder Destruction Radio Edit - Rihanna, JAŸ-Z, Jody Den Broeder.flac
2026-04-11 17:29:57  INFO       🗑️  Rihanna/Umbrella (Remixes)/Umbrella - Jody den Broeder Destruction Remix - Rihanna, JAŸ-Z, Jody Den Broeder.flac
2026-04-11 17:29:57  INFO       🗑️  Rihanna/Umbrella (Remixes)/Umbrella - Jody den Broeder Lush Club Remix - Rihanna, JAŸ-Z, Jody Den Broeder.flac
2026-04-11 17:29:57  INFO       🗑️  Rihanna/Umbrella (Remixes)/Umbrella - Jody den Broeder Lush Radio Edit - Rihanna, JAŸ-Z, Jody Den Broeder.flac
2026-04-11 17:29:57  INFO       🗑️  Rihanna/Umbrella (Remixes)/Umbrella - Seamus Haji & Paul Emanuel Club Remix - Rihanna, JAŸ-Z, Seamus Haji, Paul Emanuel.flac
2026-04-11 17:29:57  INFO       🗑️  Rihanna/Umbrella (Remixes)/Umbrella - Seamus Haji & Paul Emanuel Radio Edit - Rihanna, JAŸ-Z, Seamus Haji, Paul Emanuel.flac
2026-04-11 17:29:57  INFO       🗑️  Rihanna/Umbrella (Remixes)/Umbrella - The Lindbergh Palace Radio Edit - Rihanna, JAŸ-Z, Lindbergh Palace.flac
2026-04-11 17:29:57  INFO       🗑️  Rihanna/Umbrella (Remixes)/Umbrella - The Lindbergh Palace Remix - Rihanna, JAŸ-Z, Lindbergh Palace.flac
2026-04-11 17:29:57  INFO       🗑️  Rihanna/Unapologetic (Deluxe)/Diamonds - Dave Aude 100 Extended - Rihanna, Dave Audé, Kemal Golden.flac
2026-04-11 17:29:57  INFO       🗑️  Rihanna/Unapologetic (Deluxe)/Diamonds - Gregor Salto Downtempo Remix - Rihanna, Gregor Salto, Tzvetin Todorov.flac
2026-04-11 17:29:57  INFO       🗑️  Rihanna/Unfaithful/SOS - Moto Blanco Remix - Rihanna.flac
2026-04-11 17:29:57  INFO       🗑️  Rihanna/Unfaithful/Unfaithful - Hamel Club Mix - Rihanna, Bill Hamel, Seth Vogt.flac
2026-04-11 17:29:57  INFO       🗑️  Rihanna/Unfaithful/Unfaithful - Hamel Radio Edit - Rihanna, Bill Hamel, Seth Vogt.flac
2026-04-11 17:29:57  INFO       🗑️  Rihanna/Unfaithful/Unfaithful - Maurice's Club Mix - Rihanna, Maurice Joshua.flac
2026-04-11 17:29:57  INFO       🗑️  Rihanna/Unfaithful/Unfaithful - Maurice's Radio Edit - Rihanna, Maurice Joshua.flac
2026-04-11 17:29:57  INFO       🗑️  Rihanna/Unfaithful/Unfaithful - Radio Edit - Rihanna.flac
2026-04-11 17:29:57  INFO       🗑️  Rihanna/Unfaithful/Unfaithful - Tony Moran Club Mix - Rihanna, Tony Moran, Warren Rigg.flac
2026-04-11 17:29:57  INFO       🗑️  Rihanna/Unfaithful/Unfaithful - Tony Moran Radio Mix - Rihanna, Tony Moran, Warren Rigg.flac
2026-04-11 17:29:57  INFO       🗑️  Rihanna/Unfaithful (Reavers Remix)/Unfaithful - Reavers Remix - Rihanna.flac
2026-04-11 17:29:57  INFO       🗑️  Rihanna/We Found Love (The Remixes)/We Found Love - Black Cards Remix - Rihanna, Calvin Harris.flac
2026-04-11 17:29:57  INFO       🗑️  Rihanna/We Found Love (The Remixes)/We Found Love - Cahill Edit - Rihanna, Calvin Harris, Cahill.flac
2026-04-11 17:29:57  INFO       🗑️  Rihanna/We Found Love (The Remixes)/We Found Love - Chuckie Extended Remix - Rihanna, Calvin Harris, Chuckie, Fabian Lenssen.flac
2026-04-11 17:29:57  INFO       🗑️  Rihanna/We Found Love (The Remixes)/We Found Love - R3hab's XS Extended Remix - Rihanna, Calvin Harris, R3HAB.flac
2026-04-11 17:29:57  INFO       🗑️  Rihanna/We Found Love (The Remixes)/We Found Love - R3hab's XS Remix Edit - Rihanna, Calvin Harris, R3HAB.flac
2026-04-11 17:29:57  INFO       🗑️  Rihanna/We Ride/Unfaithful - Nu Soul Remix - Rihanna, NuSoul.flac
2026-04-11 17:29:57  INFO       🗑️  Rihanna/What Now (Remixes Part 2)/What Now - R3hab Trapped Out Remix - Rihanna, R3HAB.flac
2026-04-11 17:29:57  INFO       🗑️  Rihanna/What Now (Remixes Part 2)/What Now - Reflex Extended - Rihanna, REFLEX.flac
2026-04-11 17:29:57  INFO       🗑️  Rihanna/What Now (Remixes Part 2)/What Now - Reflex Radio Edit - Rihanna, REFLEX.flac
2026-04-11 17:29:57  INFO       🗑️  Rihanna/What Now (Remixes)/What Now - Firebeatz Instrumental - Rihanna, Firebeatz.flac
2026-04-11 17:29:57  INFO       🗑️  Rihanna/What Now (Remixes)/What Now - Firebeatz Radio Edit - Rihanna, Firebeatz.flac
2026-04-11 17:29:57  INFO       🗑️  Rihanna/What Now (Remixes)/What Now - Firebeatz Remix - Rihanna, Firebeatz.flac
2026-04-11 17:29:57  INFO       🗑️  Rihanna/What Now (Remixes)/What Now - Guy Scheiman Club Mix - Rihanna, Guy Scheiman.flac
2026-04-11 17:29:57  INFO       🗑️  Rihanna/What Now (Remixes)/What Now - Guy Scheiman Mixshow Edit - Rihanna, Guy Scheiman.flac
2026-04-11 17:29:57  INFO       🗑️  Rihanna/What Now (Remixes)/What Now - Guy Scheiman Radio Edit - Rihanna, Guy Scheiman.flac
2026-04-11 17:29:57  INFO       🗑️  Rihanna/What Now (Remixes)/What Now - R3hab Edit - Rihanna, R3HAB.flac
2026-04-11 17:29:57  INFO       🗑️  Rihanna/What Now (Remixes)/What Now - R3hab Instrumental - Rihanna, R3HAB.flac
2026-04-11 17:29:57  INFO       🗑️  Rihanna/What Now (Remixes)/What Now - R3hab Remix - Rihanna, R3HAB.flac
2026-04-11 17:29:57  INFO       🗑️  Rihanna/Where Have You Been (Remixes)/Where Have You Been - Hardwell Club Mix - Rihanna, Hardwell.flac
2026-04-11 17:29:57  INFO       🗑️  Rihanna/Where Have You Been (Remixes)/Where Have You Been - Hardwell Instrumental - Rihanna, Hardwell.flac
2026-04-11 17:29:57  INFO       🗑️  Rihanna/Where Have You Been (Remixes)/Where Have You Been - Hector Fonseca Radio Edit - Rihanna, Hector Fonseca.flac
2026-04-11 17:29:57  INFO       🗑️  Rihanna/Where Have You Been (Remixes)/Where Have You Been - Hector Fonseca Remix - Rihanna, Hector Fonseca.flac
2026-04-11 17:29:57  INFO       🗑️  Rihanna/Where Have You Been (Remixes)/Where Have You Been - Papercha$er Instrumental - Rihanna, Papercha$Er.flac
2026-04-11 17:29:57  INFO       🗑️  Rihanna/Where Have You Been (Remixes)/Where Have You Been - Papercha$er Remix - Rihanna, Papercha$Er.flac
2026-04-11 17:29:57  INFO       🗑️  Rihanna/Where Have You Been (Remixes)/Where Have You Been - Vice Club Mix - Rihanna, Vice, Kemal Golden.flac
2026-04-11 17:29:57  INFO       🗑️  Rihanna/Where Have You Been (Remixes)/Where Have You Been - Vice Instrumental - Rihanna, Vice, Kemal Golden.flac
2026-04-11 17:29:57  INFO       🗑️  Rihanna/Where Have You Been (The Calvin Harris Extended Remix)/Where Have You Been - The Calvin Harris Extended Remix - Rihanna.flac
2026-04-11 17:29:57  INFO       🗑️  Rihanna/Work (Remixes)/Work - BURNS' Late Night Rollin Remix - Rihanna, Drake.flac
2026-04-11 17:29:57  INFO       🗑️  Rihanna/Work (Remixes)/Work - Bad Royale Remix - Rihanna, Drake, Bad Royale.flac
2026-04-11 17:29:57  INFO       🗑️  Rihanna/Work (Remixes)/Work - Lost Kings Extended Remix - Rihanna, Drake, Lost Kings.flac
2026-04-11 17:29:57  INFO       🗑️  Rihanna/Work (Remixes)/Work - Lost Kings Remix - Rihanna, Drake, Lost Kings.flac
2026-04-11 17:29:57  INFO       🗑️  Rihanna/Work (Remixes)/Work - R3hab Extended Instrumental - Rihanna, Drake, R3HAB.flac
2026-04-11 17:29:57  INFO       🗑️  Rihanna/Work (Remixes)/Work - R3hab Extended Remix - Rihanna, Drake, R3HAB.flac
2026-04-11 17:29:57  INFO       🗑️  Rihanna/Work (Remixes)/Work - R3hab Remix - Rihanna, Drake, R3HAB.flac
2026-04-11 17:29:57  INFO       🗑️  Rihanna/You Da One (Remixes)/You Da One - Gregor Salto Amsterdam Edit - Rihanna, Gregor Salto.flac
2026-04-11 17:29:57  INFO       🗑️  Rihanna/You Da One (Remixes)/You Da One - Gregor Salto Vegas Edit - Rihanna, Gregor Salto.flac
2026-04-11 17:29:57  INFO       🗑️  Sabrina Carpenter/Alien (Acoustic)/Alien - Acoustic - Sabrina Carpenter, Jonas Blue.flac
2026-04-11 17:29:57  INFO       🗑️  Sabrina Carpenter/Alien (Dark Heart Remix)/Alien - Dark Heart Remix - Sabrina Carpenter, Jonas Blue, Dark Heart.flac
2026-04-11 17:29:57  INFO       🗑️  Sabrina Carpenter/Alien (M-22 Remix)/Alien - M-22 Remix - Sabrina Carpenter, Jonas Blue, M-22.flac
2026-04-11 17:29:57  INFO       🗑️  Sabrina Carpenter/Almost Love/Almost Love - Acoustic - Sabrina Carpenter.flac
2026-04-11 17:29:57  INFO       🗑️  Sabrina Carpenter/Almost Love/Almost Love - R3HAB Remix - Sabrina Carpenter, R3HAB.flac
2026-04-11 17:29:57  INFO       🗑️  Sabrina Carpenter/Espresso (Working Late Remixes)/Espresso - Mark Ronson x FNZ Working Late Remix - Sabrina Carpenter, Mark Ronson, FNZ.flac
2026-04-11 17:29:57  INFO       🗑️  Sabrina Carpenter/Espresso (Working Late Remixes)/Espresso - Mark Ronson x FNZ Working Later Remix - Sabrina Carpenter, Mark Ronson, FNZ.flac
2026-04-11 17:29:57  INFO       🗑️  Sabrina Carpenter/Feather (Sped Up)/Feather - Sped Up - Sabrina Carpenter.flac
2026-04-11 17:29:57  INFO       🗑️  Sabrina Carpenter/First Love (Remixes)/First Love - Ashworth Remix - Lost Kings, Sabrina Carpenter, Ashworth.flac
2026-04-11 17:29:57  INFO       🗑️  Sabrina Carpenter/First Love (Remixes)/First Love - SAVI Remix - Lost Kings, Sabrina Carpenter, SAVI.flac
2026-04-11 17:29:57  INFO       🗑️  Sabrina Carpenter/First Love (Remixes)/First Love - TELYKast Remix - Lost Kings, Sabrina Carpenter, TELYKAST.flac
2026-04-11 17:29:57  INFO       🗑️  Sabrina Carpenter/Nonsense (Remix)/Nonsense (with Coi Leray) - Remix - Sabrina Carpenter, Coi Leray.flac
2026-04-11 17:29:57  INFO       🗑️  Sabrina Carpenter/Nonsense (Sped Up Version)/Nonsense - Sped Up Version - Sabrina Carpenter.flac
2026-04-11 17:29:57  INFO       🗑️  Sabrina Carpenter/On My Way (Da Tweekaz Remix)/On My Way - Da Tweekaz Remix - Alan Walker, Sabrina Carpenter, Farruko, Da Tweekaz.flac
2026-04-11 17:29:57  INFO       🗑️  Sabrina Carpenter/Please Please Please/Please Please Please - A cappella - Sabrina Carpenter.flac
2026-04-11 17:29:57  INFO       🗑️  Sabrina Carpenter/Please Please Please/Please Please Please - Acoustic - Sabrina Carpenter.flac
2026-04-11 17:29:57  INFO       🗑️  Sabrina Carpenter/Please Please Please/Please Please Please - Instrumental - Sabrina Carpenter.flac
2026-04-11 17:29:57  INFO       🗑️  Sabrina Carpenter/Please Please Please/Please Please Please - Slowed Down - Sabrina Carpenter.flac
2026-04-11 17:29:57  INFO       🗑️  Sabrina Carpenter/Please Please Please/Please Please Please - Sped Up - Sabrina Carpenter.flac
2026-04-11 17:29:57  INFO       🗑️  Sabrina Carpenter/Skin (Quarterhead Remix)/Skin - Quarterhead Remix - Sabrina Carpenter, Quarterhead.flac
2026-04-11 17:29:57  INFO       🗑️  Sabrina Carpenter/Sue Me (A Cappella)/Sue Me - A Cappella - Sabrina Carpenter.flac
2026-04-11 17:29:57  INFO       🗑️  Sabrina Carpenter/Sue Me (Remixes)/Sue Me - 6am Remix - Sabrina Carpenter, KC Lights.flac
2026-04-11 17:29:57  INFO       🗑️  Sabrina Carpenter/Sue Me (Remixes)/Sue Me - Dave Audé Remix - Sabrina Carpenter, Dave Audé.flac
2026-04-11 17:29:57  INFO       🗑️  Sabrina Carpenter/Sue Me (Remixes)/Sue Me - KC Lights Remix - Sabrina Carpenter, KC Lights.flac
2026-04-11 17:29:57  INFO       🗑️  Sabrina Carpenter/Sue Me (Remixes)/Sue Me - Marian Hill Remix - Sabrina Carpenter, Marian Hill.flac
2026-04-11 17:29:57  INFO       🗑️  Sabrina Carpenter/Take On the World (From “Girl Meets World”_Summer Remix)/Take On the World - From Girl Meets World Summer Remix Music from the TV Series - Rowan Blanchard, Sabrina Carpenter.flac
2026-04-11 17:29:57  INFO       🗑️  Sabrina Carpenter/Thumbs (Acoustic)/Thumbs - Acoustic - Sabrina Carpenter.flac
2026-04-11 17:29:57  INFO       🗑️  Sabrina Carpenter/WOW (feat. Sabrina Carpenter) [Remix]/WOW (feat. Sabrina Carpenter) - Remix - Zara Larsson, Sabrina Carpenter.flac
2026-04-11 17:29:57  INFO       🗑️  Sabrina Carpenter/Why (Acoustic)/Why - Acoustic - Sabrina Carpenter.flac
2026-04-11 17:29:57  INFO       🗑️  Sabrina Carpenter/skinny dipping (Acoustic)/skinny dipping - Acoustic - Sabrina Carpenter.flac
2026-04-11 17:29:57  INFO       🗑️  Sophie Hunger/Molecules Remix/Oh Lord - Michel Cleis Remix - Sophie Hunger, Michel Cleis.flac
2026-04-11 17:29:57  INFO       🗑️  Sophie Hunger/Molecules Remix/She Makes President - Dana Ruh Remix - Sophie Hunger, Dana Ruh.flac
2026-04-11 17:29:57  INFO       🗑️  Sophie Hunger/Molecules Remix/There Is Still Pain Left - Anja Schneider Remix - Sophie Hunger, Anja Schneider, Toni Planet.flac
2026-04-11 17:29:57  INFO       🗑️  Sophie Hunger/Molecules Remix/There Is Still Pain Left - Laolu Remix - Sophie Hunger, Laolu.flac
2026-04-11 17:29:57  INFO       🗑️  Sophie Hunger/The Rules of Fire (Live)/1983 - Live - Sophie Hunger.flac
2026-04-11 17:29:57  INFO       🗑️  Sophie Hunger/The Rules of Fire (Live)/Avec Le Temps - Live - Sophie Hunger.flac
2026-04-11 17:29:57  INFO       🗑️  Sophie Hunger/The Rules of Fire (Live)/Can You See Me - Live - Sophie Hunger.flac
2026-04-11 17:29:57  INFO       🗑️  Sophie Hunger/The Rules of Fire (Live)/Citylights Forever - Live - Sophie Hunger.flac
2026-04-11 17:29:57  INFO       🗑️  Sophie Hunger/The Rules of Fire (Live)/Das Neue - Live - Sophie Hunger.flac
2026-04-11 17:29:57  INFO       🗑️  Sophie Hunger/The Rules of Fire (Live)/Headlights - Live - Sophie Hunger.flac
2026-04-11 17:29:57  INFO       🗑️  Sophie Hunger/The Rules of Fire (Live)/Heharun - Live - Sophie Hunger.flac
2026-04-11 17:29:57  INFO       🗑️  Sophie Hunger/The Rules of Fire (Live)/Hotel Belfort - Live - Sophie Hunger.flac
2026-04-11 17:29:57  INFO       🗑️  Sophie Hunger/The Rules of Fire (Live)/It's Alright, Ma (I'm Only Bleeding) - Live - Sophie Hunger.flac
2026-04-11 17:29:57  INFO       🗑️  Sophie Hunger/The Rules of Fire (Live)/Leave Me with the Monkeys - Live - Sophie Hunger.flac
2026-04-11 17:29:57  INFO       🗑️  Sophie Hunger/The Rules of Fire (Live)/Letter to Madonna - Live - Sophie Hunger.flac
2026-04-11 17:29:57  INFO       🗑️  Sophie Hunger/The Rules of Fire (Live)/LikeLikelike - Live - Sophie Hunger.flac
2026-04-11 17:29:57  INFO       🗑️  Sophie Hunger/The Rules of Fire (Live)/Lovesong to Everyone - Live - Sophie Hunger.flac
2026-04-11 17:29:57  INFO       🗑️  Sophie Hunger/The Rules of Fire (Live)/My Oh My - Live - Sophie Hunger.flac
2026-04-11 17:29:57  INFO       🗑️  Sophie Hunger/The Rules of Fire (Live)/Nüt (Dem Burghölzli Zum Geburstag) - Live - Sophie Hunger.flac
2026-04-11 17:29:57  INFO       🗑️  Sophie Hunger/The Rules of Fire (Live)/Rise and Fall - Live - Sophie Hunger.flac
2026-04-11 17:29:57  INFO       🗑️  Sophie Hunger/The Rules of Fire (Live)/Shape - Live - Sophie Hunger.flac
2026-04-11 17:29:57  INFO       🗑️  Sophie Hunger/The Rules of Fire (Live)/Souldier - Live - Sophie Hunger.flac
2026-04-11 17:29:57  INFO       🗑️  Sophie Hunger/The Rules of Fire (Live)/Spiegelbild - Live - Sophie Hunger.flac
2026-04-11 17:29:57  INFO       🗑️  Sophie Hunger/The Rules of Fire (Live)/Take a Turn - Live - Sophie Hunger.flac
2026-04-11 17:29:57  INFO       🗑️  Sophie Hunger/The Rules of Fire (Live)/Travelogue - Live - Sophie Hunger.flac
2026-04-11 17:29:57  INFO       🗑️  Sophie Hunger/The Rules of Fire (Live)/Walzer Für Niemand - Live - Sophie Hunger.flac
2026-04-11 17:29:57  INFO       🗑️  Sophie Hunger/The Rules of Fire (Live)/Z'lied Vor Freiheitsstatue - Live - Sophie Hunger.flac
2026-04-11 17:29:57  INFO       🗑️  Stromae/Alors On Danse/Alors On Danse - Extended Mix - Stromae.flac
2026-04-11 17:29:57  INFO       🗑️  Stromae/Alors On Danse/Alors On Danse - Mowgli Remix - Stromae, Mowgli.flac
2026-04-11 17:29:57  INFO       🗑️  Stromae/Alors On Danse/Alors On Danse - Solo Dub Remix - Stromae, Solo.flac
2026-04-11 17:29:57  INFO       🗑️  Stromae/Anderlecht Champion (Stromae Remix)/Anderlecht Champion - Stromae Remix - Grand Jojo, Les Joueurs, Stromae.flac
2026-04-11 17:29:57  INFO       🗑️  Stromae/Cheese/Alors On Danse - 90's Remix - Stromae.flac
2026-04-11 17:29:57  INFO       🗑️  Stromae/Cheese/Alors on danse - Radio Edit - Stromae.flac
2026-04-11 17:29:57  INFO       🗑️  Stromae/Peace Or Violence Remixes/Peace Or Violence - Glen N Extended Mix - Stromae.flac
2026-04-11 17:29:57  INFO       🗑️  Stromae/Peace Or Violence Remixes/Peace Or Violence - Luuk Cox Extended Mix - Stromae.flac
2026-04-11 17:29:57  INFO       🗑️  Stromae/Peace Or Violence Remixes/Peace Or Violence - Shameboy Remix - Stromae.flac
2026-04-11 17:29:57  INFO       🗑️  Stromae/Peace Or Violence Remixes/Peace Or Violence - Stromae Edit - Stromae.flac
2026-04-11 17:29:57  INFO       🗑️  Stromae/Up Saw Liz - Remix/Up Saw Liz - Remix - Stromae.flac
2026-04-11 17:29:57  INFO       🗑️  Stromae/papaoutai/papaoutai - Extended - Stromae.flac
2026-04-11 17:29:57  INFO       🗑️  Stromae/papaoutai/papaoutai - Liam Summers Remix - Stromae.flac
2026-04-11 17:29:57  INFO       🗑️  Stromae/papaoutai/papaoutai - Mystique Remix - Stromae, Dieter Weyn.flac
2026-04-11 17:29:57  INFO       🗑️  Stromae/papaoutai/papaoutai - Nicolaz Remix - Stromae.flac
2026-04-11 17:29:57  INFO       🗑️  TV Girl/Fauxllennium (Japanese Deluxe Edition)/Summer 2000 (Fcukers Remix) - TV Girl, George Clanton, Fcukers.flac
2026-04-11 17:29:57  INFO       🗑️  Tame Impala/Currents B-Sides & Remixes/Let It Happen - Soulwax Remix - Tame Impala, Soulwax.flac
2026-04-11 17:29:57  INFO       🗑️  Tame Impala/Currents B-Sides & Remixes/Reality In Motion - GUM Remix - Tame Impala, GUM.flac
2026-04-11 17:29:57  INFO       🗑️  Tame Impala/Dracula (Remix)/Dracula - JENNIE Remix - Tame Impala, JENNIE.flac
2026-04-11 17:29:57  INFO       🗑️  Tame Impala/Guilty Conscience (Tame Impala Remix)/Guilty Conscience - Tame Impala Remix - 070 Shake, Tame Impala.flac
2026-04-11 17:29:57  INFO       🗑️  Tame Impala/Guilty Conscience (Tame Impala Remix)/Guilty Conscience - Tame Impala Remix Extended - 070 Shake, Tame Impala.flac
2026-04-11 17:29:57  INFO       🗑️  Tame Impala/Guilty Conscience (Tame Impala Remix)/Guilty Conscience - Tame Impala Remix Instrumental - 070 Shake, Tame Impala.flac
2026-04-11 17:29:57  INFO       🗑️  Tame Impala/InnerSpeaker B-Sides & Remixes/Lucidity - Pilooski Remix - Tame Impala, Pilooski.flac
2026-04-11 17:29:57  INFO       🗑️  Tame Impala/InnerSpeaker B-Sides & Remixes/Solitude Is Bliss - Midnight Juggernauts Remix - Tame Impala, Midnight Juggernauts.flac
2026-04-11 17:29:57  INFO       🗑️  Tame Impala/InnerSpeaker B-Sides & Remixes/Why Won't You Make Up Your Mind - Erol Alkan Rework - Tame Impala, Erol Alkan.flac
2026-04-11 17:29:57  INFO       🗑️  Tame Impala/Live Versions/Apocalypse Dreams - Live - Tame Impala.flac
2026-04-11 17:29:57  INFO       🗑️  Tame Impala/Live Versions/Be Above It - Live - Tame Impala.flac
2026-04-11 17:29:57  INFO       🗑️  Tame Impala/Live Versions/Desire Be Desire Go - Live - Tame Impala.flac
2026-04-11 17:29:57  INFO       🗑️  Tame Impala/Live Versions/Endors Toi - Live - Tame Impala.flac
2026-04-11 17:29:57  INFO       🗑️  Tame Impala/Live Versions/Feels Like We Only Go Backwards - Live - Tame Impala.flac
2026-04-11 17:29:57  INFO       🗑️  Tame Impala/Live Versions/Half Full Glass Of Wine - Live - Tame Impala.flac
2026-04-11 17:29:57  INFO       🗑️  Tame Impala/Live Versions/Mind Mischief - Live - Tame Impala.flac
2026-04-11 17:29:57  INFO       🗑️  Tame Impala/Live Versions/Sestri Levante - Live - Tame Impala.flac
2026-04-11 17:29:57  INFO       🗑️  Tame Impala/Live Versions/Why Won't You Make Up Your Mind - Live - Tame Impala.flac
2026-04-11 17:29:57  INFO       🗑️  Tame Impala/Lonerism B-Sides & Remixes/Be Above It - Erol Alkan Rework - Tame Impala, Erol Alkan.flac
2026-04-11 17:29:57  INFO       🗑️  Tame Impala/Lonerism B-Sides & Remixes/Elephant - Todd Rundgren Remix - Tame Impala, Todd Rundgren.flac
2026-04-11 17:29:57  INFO       🗑️  Tame Impala/Lonerism B-Sides & Remixes/Mind Mischief - The Field Remix - Tame Impala, The Field.flac
2026-04-11 17:29:57  INFO       🗑️  Tame Impala/Neverender (Kaytranada Remix)/Neverender - Kaytranada Remix - Justice, Tame Impala, KAYTRANADA.flac
2026-04-11 17:29:57  INFO       🗑️  Tame Impala/Neverender (Remixes)/Neverender - Extended - Justice, Tame Impala.flac
2026-04-11 17:29:57  INFO       🗑️  Tame Impala/Neverender (Remixes)/Neverender - Radio Edit - Justice, Tame Impala.flac
2026-04-11 17:29:57  INFO       🗑️  Tame Impala/Neverender (Remixes)/Neverender - Rampa Remix - Justice, Tame Impala, Rampa, Keinemusik.flac
2026-04-11 17:29:57  INFO       🗑️  Tame Impala/Sundown Syndrome _ Remember Me/Sundown Syndrome - Canyons Remix - Tame Impala.flac
2026-04-11 17:29:57  INFO       🗑️  Tame Impala/The Slow Rush B-Sides & Remixes/Borderline - Blood Orange Remix - Tame Impala, Blood Orange.flac
2026-04-11 17:29:57  INFO       🗑️  Tame Impala/The Slow Rush B-Sides & Remixes/Breathe Deeper - Lil Yachty Remix - Tame Impala, Lil Yachty.flac
2026-04-11 17:29:57  INFO       🗑️  Tame Impala/The Slow Rush B-Sides & Remixes/Is It True - Four Tet Remix - Tame Impala, Four Tet.flac
2026-04-11 17:29:57  INFO       🗑️  Tame Impala/The Slow Rush B-Sides & Remixes/Patience - Maurice Fulton Remix - Tame Impala, Maurice Fulton.flac
2026-04-11 17:29:57  INFO       🗑️  Tame Impala/Turn Up The Sunshine (PNAU Remix _ From 'Minions_ The Rise of Gru' Soundtrack)/Turn Up The Sunshine - PNAU Remix From 'Minions The Rise of Gru' Soundtrack - Diana Ross, Tame Impala, PNAU.flac
2026-04-11 17:29:57  INFO       🗑️  Taylor Swift/Anti-Hero (Acoustic Version)/Anti-Hero - Acoustic Version - Taylor Swift.flac
2026-04-11 17:29:57  INFO       🗑️  Taylor Swift/Anti-Hero (ILLENIUM Remix)/Anti-Hero - ILLENIUM Remix - Taylor Swift, ILLENIUM.flac
2026-04-11 17:29:57  INFO       🗑️  Taylor Swift/Anti-Hero (Remixes)/Anti-Hero - Jayda G Remix - Taylor Swift, Jayda G.flac
2026-04-11 17:29:57  INFO       🗑️  Taylor Swift/Anti-Hero (Remixes)/Anti-Hero - Kungs Remix - Taylor Swift, Kungs.flac
2026-04-11 17:29:57  INFO       🗑️  Taylor Swift/Anti-Hero (Remixes)/Anti-Hero - Roosevelt Remix - Taylor Swift, Roosevelt.flac
2026-04-11 17:29:57  INFO       🗑️  Taylor Swift/Christmas Tree Farm/Christmas Tree Farm - Recorded Live at the 2019 iHeartRadio Jingle Ball - Taylor Swift.flac
2026-04-11 17:29:57  INFO       🗑️  Taylor Swift/Cornelia Street (Live From Paris)/Cornelia Street - Live From Paris - Taylor Swift.flac
2026-04-11 17:29:57  INFO       🗑️  Taylor Swift/Daylight (Live From Paris)/Daylight - Live From Paris - Taylor Swift.flac
2026-04-11 17:29:57  INFO       🗑️  Taylor Swift/Death By A Thousand Cuts (Live From Paris)/Death By A Thousand Cuts - Live From Paris - Taylor Swift.flac
2026-04-11 17:29:57  INFO       🗑️  Taylor Swift/Delicate (Seeb Remix)/Delicate - Seeb Remix - Taylor Swift, Seeb.flac
2026-04-11 17:29:57  INFO       🗑️  Taylor Swift/Fortnight (Acoustic Version)/Fortnight (feat. Post Malone) - Acoustic Version - Taylor Swift, Post Malone.flac
2026-04-11 17:29:57  INFO       🗑️  Taylor Swift/Fortnight (Acoustic Version)/Fortnight (feat. Post Malone) - Cults Remix - Taylor Swift, Cults, Post Malone.flac
2026-04-11 17:29:57  INFO       🗑️  Taylor Swift/Fortnight (feat. Post Malone) [BLOND_ISH Remix]/Fortnight (feat. Post Malone) - BLOND ISH Remix - Taylor Swift, Post Malone, BLOND ISH.flac
2026-04-11 17:29:57  INFO       🗑️  Taylor Swift/I Can Do It With a Broken Heart (Dombresky Remix)/I Can Do It With a Broken Heart - Dombresky Remix - Taylor Swift, Dombresky.flac
2026-04-11 17:29:57  INFO       🗑️  Taylor Swift/I Can Do It With a Broken Heart (Dombresky Remix)/I Can Do It With a Broken Heart - Instrumental - Taylor Swift.flac
2026-04-11 17:29:57  INFO       🗑️  Taylor Swift/Lavender Haze (Acoustic Version)/Lavender Haze - Acoustic Version - Taylor Swift.flac
2026-04-11 17:29:57  INFO       🗑️  Taylor Swift/Lavender Haze (Felix Jaehn Remix)/Lavender Haze - Felix Jaehn Remix - Taylor Swift, Felix Jaehn.flac
2026-04-11 17:29:57  INFO       🗑️  Taylor Swift/Lavender Haze (Remixes)/Lavender Haze - Jungle Remix - Taylor Swift, Jungle.flac
2026-04-11 17:29:57  INFO       🗑️  Taylor Swift/Lavender Haze (Remixes)/Lavender Haze - Snakehips Remix - Taylor Swift, Snakehips.flac
2026-04-11 17:29:57  INFO       🗑️  Taylor Swift/Lavender Haze (Remixes)/Lavender Haze - Tensnake Remix - Taylor Swift, Tensnake.flac
2026-04-11 17:29:57  INFO       🗑️  Taylor Swift/Live From Clear Channel Stripped 2008/Beautiful Eyes - Live From Clear Channel Stripped 2008 - Taylor Swift.flac
2026-04-11 17:29:57  INFO       🗑️  Taylor Swift/Live From Clear Channel Stripped 2008/Change - Live From Clear Channel Stripped 2008 - Taylor Swift.flac
2026-04-11 17:29:57  INFO       🗑️  Taylor Swift/Live From Clear Channel Stripped 2008/Fearless - Live From Clear Channel Stripped 2008 - Taylor Swift.flac
2026-04-11 17:29:57  INFO       🗑️  Taylor Swift/Live From Clear Channel Stripped 2008/Love Story - Live From Clear Channel Stripped 2008 - Taylor Swift.flac
2026-04-11 17:29:57  INFO       🗑️  Taylor Swift/Live From Clear Channel Stripped 2008/Picture To Burn - Live From Clear Channel Stripped 2008 - Taylor Swift.flac
2026-04-11 17:29:57  INFO       🗑️  Taylor Swift/Live From Clear Channel Stripped 2008/Should've Said No - Live From Clear Channel Stripped 2008 - Taylor Swift.flac
2026-04-11 17:29:57  INFO       🗑️  Taylor Swift/Live From Clear Channel Stripped 2008/Teardrops On My Guitar - Live From Clear Channel Stripped 2008 - Taylor Swift.flac
2026-04-11 17:29:57  INFO       🗑️  Taylor Swift/Live From Clear Channel Stripped 2008/Untouchable - Live From Clear Channel Stripped 2008 - Taylor Swift.flac
2026-04-11 17:29:57  INFO       🗑️  Taylor Swift/Love Story (Digital Dog Remix)/Love Story - Digital Dog Remix - Taylor Swift, Digital Dog.flac
2026-04-11 17:29:57  INFO       🗑️  Taylor Swift/Love Story (Taylor's Version) [Elvira Remix]/Love Story (Taylor's Version) - Elvira Remix - Taylor Swift, ELVIRA.flac
2026-04-11 17:29:57  INFO       🗑️  Taylor Swift/Lover (First Dance Remix)/Lover - First Dance Remix - Taylor Swift.flac
2026-04-11 17:29:57  INFO       🗑️  Taylor Swift/Lover (Live From Paris)/Lover - Live From Paris - Taylor Swift.flac
2026-04-11 17:29:57  INFO       🗑️  Taylor Swift/Lover (Remix) [feat. Shawn Mendes]/Lover (Remix) [feat. Shawn Mendes] - Taylor Swift, Shawn Mendes.flac
2026-04-11 17:29:57  INFO       🗑️  Taylor Swift/ME! (Live From Paris)/ME! - Live From Paris - Taylor Swift.flac
2026-04-11 17:29:57  INFO       🗑️  Taylor Swift/Message In A Bottle (Fat Max G Remix) (Taylor’s Version)/Message In A Bottle (Fat Max G Remix) (Taylor’s Version) - Taylor Swift, Fat Max Gsus.flac
2026-04-11 17:29:57  INFO       🗑️  Taylor Swift/Opalite/Opalite - Life Is A Song Acoustic Version - Taylor Swift.flac
2026-04-11 17:29:57  INFO       🗑️  Taylor Swift/Opalite (BUNT. Remix)/Opalite - BUNT. Remix - Taylor Swift, BUNT.flac
2026-04-11 17:29:57  INFO       🗑️  Taylor Swift/Opalite (Chris Lake Remix)/Opalite - Chris Lake Remix - Taylor Swift, Chris Lake.flac
2026-04-11 17:29:57  INFO       🗑️  Taylor Swift/Opalite (Ely Oaks Remix)/Opalite - Ely Oaks Remix - Taylor Swift, Ely Oaks.flac
2026-04-11 17:29:57  INFO       🗑️  Taylor Swift/Opalite (Skream Remix)/Opalite - Skream Remix - Taylor Swift, Skream.flac
2026-04-11 17:29:57  INFO       🗑️  Taylor Swift/Ready For It_ (BloodPop® Remix)/Ready For It - BloodPop® Remix - Taylor Swift, BloodPop®.flac
2026-04-11 17:29:57  INFO       🗑️  Taylor Swift/Red (Deluxe Edition)/State Of Grace - Acoustic - Taylor Swift.flac
2026-04-11 17:29:57  INFO       🗑️  Taylor Swift/Red (Taylor's Version)/State Of Grace (Acoustic Version) (Taylor's Version) - Taylor Swift.flac
2026-04-11 17:29:57  INFO       🗑️  Taylor Swift/Speak Now/Long Live - Taylor Swift.flac
2026-04-11 17:29:57  INFO       🗑️  Taylor Swift/Speak Now (Deluxe Package)/Back To December - Acoustic - Taylor Swift.flac
2026-04-11 17:29:57  INFO       🗑️  Taylor Swift/Speak Now (Deluxe Package)/Haunted - Acoustic Version - Taylor Swift.flac
2026-04-11 17:29:57  INFO       🗑️  Taylor Swift/Speak Now (Taylor's Version)/Long Live (Taylor's Version) - Taylor Swift.flac
2026-04-11 17:29:57  INFO       🗑️  Taylor Swift/Speak Now World Tour Live/Back To December Apologize You're Not Sorry - Live 2011 Medley - Taylor Swift.flac
2026-04-11 17:29:57  INFO       🗑️  Taylor Swift/Speak Now World Tour Live/Bette Davis Eyes - Live 2011 - Taylor Swift.flac
2026-04-11 17:29:57  INFO       🗑️  Taylor Swift/Speak Now World Tour Live/Better Than Revenge - Live 2011 - Taylor Swift.flac
2026-04-11 17:29:57  INFO       🗑️  Taylor Swift/Speak Now World Tour Live/Dear John - Live 2011 - Taylor Swift.flac
2026-04-11 17:29:57  INFO       🗑️  Taylor Swift/Speak Now World Tour Live/Drops Of Jupiter - Live 2011 - Taylor Swift.flac
2026-04-11 17:29:57  INFO       🗑️  Taylor Swift/Speak Now World Tour Live/Enchanted - Live 2011 - Taylor Swift.flac
2026-04-11 17:29:57  INFO       🗑️  Taylor Swift/Speak Now World Tour Live/Haunted - Live 2011 - Taylor Swift.flac
2026-04-11 17:29:57  INFO       🗑️  Taylor Swift/Speak Now World Tour Live/I Want You Back - Live 2011 - Taylor Swift.flac
2026-04-11 17:29:57  INFO       🗑️  Taylor Swift/Speak Now World Tour Live/Last Kiss - Live 2011 - Taylor Swift.flac
2026-04-11 17:29:57  INFO       🗑️  Taylor Swift/Speak Now World Tour Live/Long Live - Live 2011 - Taylor Swift.flac
2026-04-11 17:29:57  INFO       🗑️  Taylor Swift/Speak Now World Tour Live/Mean - Live 2011 - Taylor Swift.flac
2026-04-11 17:29:57  INFO       🗑️  Taylor Swift/Speak Now World Tour Live/Mine - Live 2011 - Taylor Swift.flac
2026-04-11 17:29:57  INFO       🗑️  Taylor Swift/Speak Now World Tour Live/Ours - Live 2011 - Taylor Swift.flac
2026-04-11 17:29:57  INFO       🗑️  Taylor Swift/Speak Now World Tour Live/Sparks Fly - Live 2011 - Taylor Swift.flac
2026-04-11 17:29:57  INFO       🗑️  Taylor Swift/Speak Now World Tour Live/Speak Now - Live 2011 - Taylor Swift.flac
2026-04-11 17:29:57  INFO       🗑️  Taylor Swift/Speak Now World Tour Live/The Story Of Us - Live - Taylor Swift.flac
2026-04-11 17:29:57  INFO       🗑️  Taylor Swift/Taylor Swift (Deluxe Edition)/Teardrops On My Guitar - Radio Single Remix - Taylor Swift.flac
2026-04-11 17:29:57  INFO       🗑️  Taylor Swift/Taylor Swift Karaoke_ reputation/Call It What You Want - Karaoke Version - Taylor Swift.flac
2026-04-11 17:29:57  INFO       🗑️  Taylor Swift/Taylor Swift Karaoke_ reputation/Dancing With Our Hands Tied - Karaoke Version - Taylor Swift.flac
2026-04-11 17:29:57  INFO       🗑️  Taylor Swift/Taylor Swift Karaoke_ reputation/Delicate - Karaoke Version - Taylor Swift.flac
2026-04-11 17:29:57  INFO       🗑️  Taylor Swift/Taylor Swift Karaoke_ reputation/Don't Blame Me - Karaoke Version - Taylor Swift.flac
2026-04-11 17:29:57  INFO       🗑️  Taylor Swift/Taylor Swift Karaoke_ reputation/Dress - Karaoke Version - Taylor Swift.flac
2026-04-11 17:29:57  INFO       🗑️  Taylor Swift/Taylor Swift Karaoke_ reputation/End Game - Karaoke Version - Taylor Swift, Ed Sheeran, Future.flac
2026-04-11 17:29:57  INFO       🗑️  Taylor Swift/Taylor Swift Karaoke_ reputation/Getaway Car - Karaoke Version - Taylor Swift.flac
2026-04-11 17:29:57  INFO       🗑️  Taylor Swift/Taylor Swift Karaoke_ reputation/Gorgeous - Karaoke Version - Taylor Swift.flac
2026-04-11 17:29:57  INFO       🗑️  Taylor Swift/Taylor Swift Karaoke_ reputation/I Did Something Bad - Karaoke Version - Taylor Swift.flac
2026-04-11 17:29:57  INFO       🗑️  Taylor Swift/Taylor Swift Karaoke_ reputation/King Of My Heart - Karaoke Version - Taylor Swift.flac
2026-04-11 17:29:57  INFO       🗑️  Taylor Swift/Taylor Swift Karaoke_ reputation/Look What You Made Me Do - Karaoke Version - Taylor Swift.flac
2026-04-11 17:29:57  INFO       🗑️  Taylor Swift/Taylor Swift Karaoke_ reputation/New Year's Day - Karaoke Version - Taylor Swift.flac
2026-04-11 17:29:57  INFO       🗑️  Taylor Swift/Taylor Swift Karaoke_ reputation/Ready For It - Karaoke Version - Taylor Swift.flac
2026-04-11 17:29:57  INFO       🗑️  Taylor Swift/Taylor Swift Karaoke_ reputation/So It Goes... - Karaoke Version - Taylor Swift.flac
2026-04-11 17:29:57  INFO       🗑️  Taylor Swift/Taylor Swift Karaoke_ reputation/This Is Why We Can't Have Nice Things - Karaoke Version - Taylor Swift.flac
2026-04-11 17:29:57  INFO       🗑️  Taylor Swift/The Archer (Live From Paris)/The Archer - Live From Paris - Taylor Swift.flac
2026-04-11 17:29:57  INFO       🗑️  Taylor Swift/The Cruelest Summer/Cruel Summer - LP Giobbi Remix - Extended Version - Taylor Swift, LP Giobbi.flac
2026-04-11 17:29:57  INFO       🗑️  Taylor Swift/The Cruelest Summer/Cruel Summer - LP Giobbi Remix - Taylor Swift, LP Giobbi.flac
2026-04-11 17:29:57  INFO       🗑️  Taylor Swift/The Cruelest Summer/Cruel Summer - Live from TS The Eras Tour - Taylor Swift.flac
2026-04-11 17:29:57  INFO       🗑️  Taylor Swift/The Fate of Ophelia (Loud Luxury Remix)/The Fate of Ophelia - Loud Luxury Remix - Taylor Swift, Loud Luxury.flac
2026-04-11 17:29:57  INFO       🗑️  Taylor Swift/The Fate of Ophelia (The Chainsmokers Remix)/The Fate of Ophelia - The Chainsmokers Remix - Taylor Swift, The Chainsmokers.flac
2026-04-11 17:29:57  INFO       🗑️  Taylor Swift/The Life of a Showgirl (Track by Track Version)/The Life of a Showgirl Intro - Taylor Swift.flac
2026-04-11 17:29:57  INFO       🗑️  Taylor Swift/The Life of a Showgirl (Track by Track Version)/The Life of a Showgirl Outro - Taylor Swift.flac
2026-04-11 17:29:57  INFO       🗑️  Taylor Swift/The Life of a Showgirl + Acoustic Collection/Eldest Daughter - Now You’re Home Acoustic Version - Taylor Swift.flac
2026-04-11 17:29:57  INFO       🗑️  Taylor Swift/The Life of a Showgirl + Acoustic Collection/The Fate of Ophelia - Alone In My Tower Acoustic Version - Taylor Swift.flac
2026-04-11 17:29:57  INFO       🗑️  Taylor Swift/The Life of a Showgirl + Acoustic Collection/Wi$h Li$t - Settled Down Acoustic Version - Taylor Swift.flac
2026-04-11 17:29:57  INFO       🗑️  Taylor Swift/The Man (Live From Paris)/The Man - Live From Paris - Taylor Swift.flac
2026-04-11 17:29:57  INFO       🗑️  Taylor Swift/Wildest Dreams (R3hab Remix)/Wildest Dreams - R3hab Remix - Taylor Swift, R3HAB.flac
2026-04-11 17:29:57  INFO       🗑️  Taylor Swift/You Need To Calm Down (Clean Bandit Remix)/You Need To Calm Down - Clean Bandit Remix - Taylor Swift, Clean Bandit.flac
2026-04-11 17:29:57  INFO       🗑️  Taylor Swift/You Need To Calm Down (Live From Paris)/You Need To Calm Down - Live From Paris - Taylor Swift.flac
2026-04-11 17:29:57  INFO       🗑️  Taylor Swift/You're Not Sorry (CSI Remix)/You're Not Sorry - CSI Remix - Taylor Swift.flac
2026-04-11 17:29:57  INFO       🗑️  Taylor Swift/betty (Live from the 2020 Academy of Country Music Awards)/betty - Live from the 2020 Academy of Country Music Awards - Taylor Swift.flac
2026-04-11 17:29:57  INFO       🗑️  Taylor Swift/evermore (deluxe version)/it’s time to go - bonus track - Taylor Swift.flac
2026-04-11 17:29:57  INFO       🗑️  Taylor Swift/evermore (deluxe version)/right where you left me - bonus track - Taylor Swift.flac
2026-04-11 17:29:57  INFO       🗑️  Taylor Swift/folklore_ the long pond studio sessions (from the Disney+ special) [deluxe edition]/the lakes - bonus track - Taylor Swift.flac
2026-04-11 17:29:57  INFO       🗑️  Taylor Swift/reputation Stadium Tour Surprise Song Playlist/I Don’t Wanna Live Forever (Fifty Shades Darker) - ZAYN, Taylor Swift.flac
2026-04-11 17:29:57  INFO       🗑️  Taylor Swift/willow (90's trend remix)/willow - 90's trend remix - Taylor Swift.flac
2026-04-11 17:29:57  INFO       🗑️  Taylor Swift/willow (the witch collection)/willow - dancing witch version (Elvira remix) - Taylor Swift, ELVIRA.flac
2026-04-11 17:29:57  INFO       🗑️  The Mamas & The Papas/A Gathering Of Flowers_ The Anthology Of The Mamas & The Papas/California Dreamin' - With Cass Elliot And John Phillips Intro - The Mamas & The Papas.flac
2026-04-11 17:29:57  INFO       🗑️  The Mamas & The Papas/A Gathering Of Flowers_ The Anthology Of The Mamas & The Papas/Creeque Alley - With John Phillips Intro - The Mamas & The Papas.flac
2026-04-11 17:29:57  INFO       🗑️  The Mamas & The Papas/A Gathering Of Flowers_ The Anthology Of The Mamas & The Papas/Dancing Bear - With Studio Chatter And John Phillips Outro - The Mamas & The Papas.flac
2026-04-11 17:29:57  INFO       🗑️  The Mamas & The Papas/A Gathering Of Flowers_ The Anthology Of The Mamas & The Papas/Go Where You Wanna Go - With Cass Elliot Intro - The Mamas & The Papas.flac
2026-04-11 17:29:57  INFO       🗑️  The Mamas & The Papas/A Gathering Of Flowers_ The Anthology Of The Mamas & The Papas/I Call Your Name - With John Phillips Intro - The Mamas & The Papas.flac
2026-04-11 17:29:57  INFO       🗑️  The Mamas & The Papas/A Gathering Of Flowers_ The Anthology Of The Mamas & The Papas/Monday, Monday - With Cass Elliot Intro - The Mamas & The Papas.flac
2026-04-11 17:29:57  INFO       🗑️  The Mamas & The Papas/A Gathering Of Flowers_ The Anthology Of The Mamas & The Papas/Once Was A Time I Thought - With Cass Elliot Intro - The Mamas & The Papas.flac
2026-04-11 17:29:57  INFO       🗑️  The Mamas & The Papas/A Gathering Of Flowers_ The Anthology Of The Mamas & The Papas/Spanish Harlem - With Cass Elliot Intro - The Mamas & The Papas.flac
2026-04-11 17:29:57  INFO       🗑️  The Mamas & The Papas/A Gathering Of Flowers_ The Anthology Of The Mamas & The Papas/Straight Shooter - With John Phillips Intro - The Mamas & The Papas.flac
2026-04-11 17:29:57  INFO       🗑️  The Mamas & The Papas/A Gathering Of Flowers_ The Anthology Of The Mamas & The Papas/Words Of Love - With John Phillips Overdub Intro - The Mamas & The Papas.flac
2026-04-11 17:29:57  INFO       🗑️  The Mamas & The Papas/California Dreamin' (Live On The Ed Sullivan Show, December 11, 1966)/California Dreamin' - Live On The Ed Sullivan Show, December 11, 1966 - The Mamas & The Papas.flac
2026-04-11 17:29:57  INFO       🗑️  The Mamas & The Papas/California Dreamin' (Live On The Ed Sullivan Show, September 24, 1967)/California Dreamin' - Live On The Ed Sullivan Show, September 24, 1967 - The Mamas & The Papas.flac
2026-04-11 17:29:57  INFO       🗑️  The Mamas & The Papas/Creeque Alley (Live On The Ed Sullivan Show, June 11, 1967)/Creeque Alley - Live On The Ed Sullivan Show, June 11, 1967 - The Mamas & The Papas.flac
2026-04-11 17:29:57  INFO       🗑️  The Mamas & The Papas/Creeque Alley - The History Of The Mamas And The Papas/I Call Your Name - Live (Edit) - The Mamas & The Papas.flac
2026-04-11 17:29:57  INFO       🗑️  The Mamas & The Papas/Dedicated To The One I Love (Glen Nicholls Remix)/Dedicated To The One I Love - Glen Nicholls Remix - The Mamas & The Papas, Glen Nicholls.flac
2026-04-11 17:29:57  INFO       🗑️  The Mamas & The Papas/Dedicated To The One I Love (Live On The Ed Sullivan Show, June 11, 1967)/Dedicated To The One I Love - Live On The Ed Sullivan Show, June 11, 1967 - The Mamas & The Papas.flac
2026-04-11 17:29:57  INFO       🗑️  The Mamas & The Papas/Dedicated To The One I Love (Silo x Bettina Bergström Remix)/Dedicated To The One I Love - Silo x Bettina Bergström Remix - The Mamas & The Papas, Bettina Bergström.flac
2026-04-11 17:29:57  INFO       🗑️  The Mamas & The Papas/Gold/Once Was A Time I Thought - Edit - The Mamas & The Papas.flac
2026-04-11 17:29:57  INFO       🗑️  The Mamas & The Papas/I Call Your Name (Live On The Ed Sullivan Show, September 24, 1967)/I Call Your Name - Live On The Ed Sullivan Show, September 24, 1967 - The Mamas & The Papas.flac
2026-04-11 17:29:57  INFO       🗑️  The Mamas & The Papas/Live at the Monterey International Pop Festival/Band Intro - Live at the Monterey International Pop Festival, Sunday, June 18, 1967 - The Mamas & The Papas.flac
2026-04-11 17:29:57  INFO       🗑️  The Mamas & The Papas/Live at the Monterey International Pop Festival/California Dreamin' - Live at the Monterey International Pop Festival, Sunday, June 18, 1967 - The Mamas & The Papas.flac
2026-04-11 17:29:57  INFO       🗑️  The Mamas & The Papas/Live at the Monterey International Pop Festival/Cass Elliot Speech - Live at the Monterey International Pop Festival, Sunday, June 18, 1967 - The Mamas & The Papas.flac
2026-04-11 17:29:57  INFO       🗑️  The Mamas & The Papas/Live at the Monterey International Pop Festival/Dancing In The Street - Live at the Monterey International Pop Festival, Sunday, June 18, 1967 - The Mamas & The Papas.flac
2026-04-11 17:29:57  INFO       🗑️  The Mamas & The Papas/Live at the Monterey International Pop Festival/Dancing In The Street Intro - Live at the Monterey International Pop Festival, Sunday, June 18, 1967 - The Mamas & The Papas.flac
2026-04-11 17:29:57  INFO       🗑️  The Mamas & The Papas/Live at the Monterey International Pop Festival/Got A Feelin' - Live at the Monterey International Pop Festival, Sunday, June 18, 1967 - The Mamas & The Papas.flac
2026-04-11 17:29:57  INFO       🗑️  The Mamas & The Papas/Live at the Monterey International Pop Festival/I Call Your Name - Live at the Monterey International Pop Festival, Sunday, June 18, 1967 - The Mamas & The Papas.flac
2026-04-11 17:29:57  INFO       🗑️  The Mamas & The Papas/Live at the Monterey International Pop Festival/If You're Going To San Francisco (Be Sure to Wear Flowers) - Live at the Monterey International Pop Festival, Sunday, June 18, 1967 - The Mamas & The Papas.flac
2026-04-11 17:29:57  INFO       🗑️  The Mamas & The Papas/Live at the Monterey International Pop Festival/Introduction by Paul Simon - Live at the Monterey International Pop Festival, Sunday, June 18, 1967 - The Mamas & The Papas.flac
2026-04-11 17:29:57  INFO       🗑️  The Mamas & The Papas/Live at the Monterey International Pop Festival/Monday, Monday - Live at the Monterey International Pop Festival, Sunday, June 18, 1967 - The Mamas & The Papas.flac
2026-04-11 17:29:57  INFO       🗑️  The Mamas & The Papas/Live at the Monterey International Pop Festival/San Francisco Intro - Live at the Monterey International Pop Festival, Sunday, June 18, 1967 - The Mamas & The Papas.flac
2026-04-11 17:29:57  INFO       🗑️  The Mamas & The Papas/Live at the Monterey International Pop Festival/Somebody Groovy - Live at the Monterey International Pop Festival, Sunday, June 18, 1967 - The Mamas & The Papas.flac
2026-04-11 17:29:57  INFO       🗑️  The Mamas & The Papas/Live at the Monterey International Pop Festival/Spanish Harlem - Live at the Monterey International Pop Festival, Sunday, June 18, 1967 - The Mamas & The Papas.flac
2026-04-11 17:29:57  INFO       🗑️  The Mamas & The Papas/Live at the Monterey International Pop Festival/Straight Shooter - Live at the Monterey International Pop Festival, Sunday, June 18, 1967 - The Mamas & The Papas.flac
2026-04-11 17:29:57  INFO       🗑️  The Mamas & The Papas/Monday, Monday (Live On The Ed Sullivan Show, December 11, 1966)/Monday, Monday - Live On The Ed Sullivan Show, December 11, 1966 - The Mamas & The Papas.flac
2026-04-11 17:29:57  INFO       🗑️  The Mamas & The Papas/Monday, Monday (Live On The Ed Sullivan Show, September 24, 1967)/Monday, Monday - Live On The Ed Sullivan Show, September 24, 1967 - The Mamas & The Papas.flac
2026-04-11 17:29:57  INFO       🗑️  The Mamas & The Papas/Twelve Thirty (Live On The Ed Sullivan Show, June 22, 1968)/Twelve Thirty - Live On The Ed Sullivan Show, June 22, 1968 - The Mamas & The Papas.flac
2026-04-11 17:29:57  INFO       🗑️  The Mamas & The Papas/Words Of Love (Live On The Ed Sullivan Show, December 11, 1966)/Words Of Love - Live On The Ed Sullivan Show, December 11, 1966 - The Mamas & The Papas.flac
2026-04-11 17:29:57  INFO       🗑️  The Neighbourhood/Sweater Weather (Young Saab Remix)/Sweater Weather - Young Saab Remix - The Neighbourhood, Young Saab.flac
2026-04-11 17:29:57  INFO       🗑️  The Neighbourhood/Wiped Out! (10th Anniversary Edition)/Daddy Issues - Remix - The Neighbourhood, Syd.flac
2026-04-11 17:29:57  INFO       🗑️  The Weeknd/After Hours (Deluxe)/Final Lullaby - Bonus Track - The Weeknd.flac
2026-04-11 17:29:57  INFO       🗑️  The Weeknd/After Hours (Deluxe)/Missed You - Bonus Track - The Weeknd.flac
2026-04-11 17:29:57  INFO       🗑️  The Weeknd/After Hours (Deluxe)/Nothing Compares - Bonus Track - The Weeknd.flac
2026-04-11 17:29:57  INFO       🗑️  The Weeknd/After Hours (Deluxe)/Repeat After Me (Interlude) - The Weeknd.flac
2026-04-11 17:29:57  INFO       🗑️  The Weeknd/After Hours (Deluxe)/Save Your Tears (Remix) (with Ariana Grande) - Bonus Track - The Weeknd, Ariana Grande.flac
2026-04-11 17:29:57  INFO       🗑️  The Weeknd/After Hours (Deluxe)/Scared To Live - The Weeknd.flac
2026-04-11 17:29:57  INFO       🗑️  The Weeknd/After Hours (Remixes)/After Hours - The Blaze Remix - The Weeknd, The Blaze.flac
2026-04-11 17:29:57  INFO       🗑️  The Weeknd/After Hours (Remixes)/Heartless - Remix - The Weeknd, Lil Uzi Vert.flac
2026-04-11 17:29:57  INFO       🗑️  The Weeknd/After Hours (Remixes)/Heartless - Vapor Wave Remix - The Weeknd, Lil Uzi Vert, DaHeala.flac
2026-04-11 17:29:57  INFO       🗑️  The Weeknd/After Hours (Remixes)/Save Your Tears - OPN Remix - The Weeknd, Oneohtrix Point Never.flac
2026-04-11 17:29:57  INFO       🗑️  The Weeknd/After Hours (Remixes)/Scared To Live - SNL Live - The Weeknd.flac
2026-04-11 17:29:57  INFO       🗑️  The Weeknd/Best Friends (Remix)/Best Friends - Remix - The Weeknd, Summer Walker.flac
2026-04-11 17:29:57  INFO       🗑️  The Weeknd/Blinding Lights/Blinding Lights - Instrumental - The Weeknd.flac
2026-04-11 17:29:57  INFO       🗑️  The Weeknd/Blinding Lights/Blinding Lights - Major Lazer Remix - The Weeknd, Major Lazer.flac
2026-04-11 17:29:57  INFO       🗑️  The Weeknd/Blinding Lights (Remix)/Blinding Lights (with ROSALÍA) - Remix - The Weeknd, ROSALÍA.flac
2026-04-11 17:29:57  INFO       🗑️  The Weeknd/Blinding Lights - Chromatics Remix - The Weeknd, Chromatics, Johnny Jewel.flac
2026-04-11 17:29:57  INFO       🗑️  The Weeknd/Can't Feel My Face (Martin Garrix Remix)/Can't Feel My Face - Martin Garrix Remix - The Weeknd, Martin Garrix.flac
2026-04-11 17:29:57  INFO       🗑️  The Weeknd/Creepin' (Remix)/Creepin' (feat. 21 Savage) - Remix - Metro Boomin, The Weeknd, Diddy, 21 Savage.flac
2026-04-11 17:29:57  INFO       🗑️  The Weeknd/Creepin' (Remix)/Creepin' - Instrumental - Metro Boomin.flac
2026-04-11 17:29:57  INFO       🗑️  The Weeknd/Dancing In The Flames/Dancing In The Flames - Acapella - The Weeknd.flac
2026-04-11 17:29:57  INFO       🗑️  The Weeknd/Dancing In The Flames/Dancing In The Flames - Acoustic - The Weeknd.flac
2026-04-11 17:29:57  INFO       🗑️  The Weeknd/Dancing In The Flames/Dancing In The Flames - Instrumental - The Weeknd.flac
2026-04-11 17:29:57  INFO       🗑️  The Weeknd/Dancing In The Flames (Live from São Paulo)/Dancing In The Flames - Live from São Paulo - The Weeknd.flac
2026-04-11 17:29:57  INFO       🗑️  The Weeknd/Dawn FM (Alternate World)/Sacrifice (Remix) (feat. Swedish House Mafia) - The Weeknd, Swedish House Mafia.flac
2026-04-11 17:29:57  INFO       🗑️  The Weeknd/Dawn FM (OPN Remix)/Dawn FM - OPN Remix - The Weeknd, Oneohtrix Point Never.flac
2026-04-11 17:29:57  INFO       🗑️  The Weeknd/Die For You/Die For You - Instrumental - The Weeknd.flac
2026-04-11 17:29:57  INFO       🗑️  The Weeknd/Die For You/Die For You - Sped Up - The Weeknd, xxtristanxo, Speed Radio.flac
2026-04-11 17:29:57  INFO       🗑️  The Weeknd/Die For You (Remix)/Die For You - Remix - The Weeknd, Ariana Grande.flac
2026-04-11 17:29:57  INFO       🗑️  The Weeknd/Double Fantasy/Double Fantasy (with Future) - Radio Edit - The Weeknd, Future.flac
2026-04-11 17:29:57  INFO       🗑️  The Weeknd/Hawái (Remix)/Hawái - Remix - Maluma, The Weeknd.flac
2026-04-11 17:29:57  INFO       🗑️  The Weeknd/How Do I Make You Love Me_ (Sebastian Ingrosso & Salvatore Ganacci Remix)/How Do I Make You Love Me - Sebastian Ingrosso & Salvatore Ganacci Remix - The Weeknd, Sebastian Ingrosso, Salvatore Ganacci.flac
2026-04-11 17:29:57  INFO       🗑️  The Weeknd/In Your Eyes (Remix)/In Your Eyes (with Doja Cat) - Remix - The Weeknd, Doja Cat.flac
2026-04-11 17:29:57  INFO       🗑️  The Weeknd/In Your Eyes (feat. Kenny G) - Remix - The Weeknd, Kenny G.flac
2026-04-11 17:29:57  INFO       🗑️  The Weeknd/K-POP (Chopped & Screwed)/K-POP - Instrumental - Travis Scott, Bad Bunny, The Weeknd.flac
2026-04-11 17:29:57  INFO       🗑️  The Weeknd/K-POP (Chopped & Screwed)/K-POP - Sped Up - Travis Scott, Bad Bunny, The Weeknd.flac
2026-04-11 17:29:57  INFO       🗑️  The Weeknd/Kiss Land/Live For - The Weeknd, Drake.flac
2026-04-11 17:29:57  INFO       🗑️  The Weeknd/Live At SoFi Stadium/After Hours - Live - The Weeknd.flac
2026-04-11 17:29:57  INFO       🗑️  The Weeknd/Live At SoFi Stadium/Alone Again - Live - The Weeknd.flac
2026-04-11 17:29:57  INFO       🗑️  The Weeknd/Live At SoFi Stadium/Blinding Lights - Live - The Weeknd.flac
2026-04-11 17:29:57  INFO       🗑️  The Weeknd/Live At SoFi Stadium/Call Out My Name - Live - The Weeknd.flac
2026-04-11 17:29:57  INFO       🗑️  The Weeknd/Live At SoFi Stadium/Can't Feel My Face - Live - The Weeknd.flac
2026-04-11 17:29:57  INFO       🗑️  The Weeknd/Live At SoFi Stadium/Crew Love - Live - The Weeknd.flac
2026-04-11 17:29:57  INFO       🗑️  The Weeknd/Live At SoFi Stadium/Die For You - Live - The Weeknd.flac
2026-04-11 17:29:57  INFO       🗑️  The Weeknd/Live At SoFi Stadium/Faith - Live - The Weeknd.flac
2026-04-11 17:29:57  INFO       🗑️  The Weeknd/Live At SoFi Stadium/Gasoline - Live - The Weeknd.flac
2026-04-11 17:29:57  INFO       🗑️  The Weeknd/Live At SoFi Stadium/Heartless - Live - The Weeknd.flac
2026-04-11 17:29:57  INFO       🗑️  The Weeknd/Live At SoFi Stadium/How Do I Make You Love Me - Live - The Weeknd.flac
2026-04-11 17:29:57  INFO       🗑️  The Weeknd/Live At SoFi Stadium/Hurricane - Live - The Weeknd.flac
2026-04-11 17:29:57  INFO       🗑️  The Weeknd/Live At SoFi Stadium/I Feel It Coming - Live - The Weeknd.flac
2026-04-11 17:29:57  INFO       🗑️  The Weeknd/Live At SoFi Stadium/I Was Never There - Live - The Weeknd.flac
2026-04-11 17:29:57  INFO       🗑️  The Weeknd/Live At SoFi Stadium/Intro - Live - The Weeknd.flac
2026-04-11 17:29:57  INFO       🗑️  The Weeknd/Live At SoFi Stadium/Is There Someone Else - Live - The Weeknd.flac
2026-04-11 17:29:57  INFO       🗑️  The Weeknd/Live At SoFi Stadium/Kiss Land - Live - The Weeknd.flac
2026-04-11 17:29:57  INFO       🗑️  The Weeknd/Live At SoFi Stadium/Less Than Zero - Live - The Weeknd.flac
2026-04-11 17:29:57  INFO       🗑️  The Weeknd/Live At SoFi Stadium/Low Life - Live - The Weeknd.flac
2026-04-11 17:29:57  INFO       🗑️  The Weeknd/Live At SoFi Stadium/Often - Live - The Weeknd.flac
2026-04-11 17:29:57  INFO       🗑️  The Weeknd/Live At SoFi Stadium/Or Nah - Live - The Weeknd, Ty Dolla $ign.flac
2026-04-11 17:29:57  INFO       🗑️  The Weeknd/Live At SoFi Stadium/Out of Time - Live - The Weeknd.flac
2026-04-11 17:29:57  INFO       🗑️  The Weeknd/Live At SoFi Stadium/Outro - Live - The Weeknd.flac
2026-04-11 17:29:57  INFO       🗑️  The Weeknd/Live At SoFi Stadium/Party Monster - Live - The Weeknd.flac
2026-04-11 17:29:57  INFO       🗑️  The Weeknd/Live At SoFi Stadium/Sacrifice - Live - The Weeknd.flac
2026-04-11 17:29:57  INFO       🗑️  The Weeknd/Live At SoFi Stadium/Save Your Tears - Live - The Weeknd.flac
2026-04-11 17:29:57  INFO       🗑️  The Weeknd/Live At SoFi Stadium/Starboy - Live - The Weeknd.flac
2026-04-11 17:29:57  INFO       🗑️  The Weeknd/Live At SoFi Stadium/Take My Breath - Live - The Weeknd.flac
2026-04-11 17:29:57  INFO       🗑️  The Weeknd/Live At SoFi Stadium/The Hills - Live - The Weeknd.flac
2026-04-11 17:29:57  INFO       🗑️  The Weeknd/Live At SoFi Stadium/The Morning - Live - The Weeknd.flac
2026-04-11 17:29:57  INFO       🗑️  The Weeknd/Live At SoFi Stadium/Wicked Games - Live - The Weeknd.flac
2026-04-11 17:29:57  INFO       🗑️  The Weeknd/Love Me Harder/Love Me Harder - A Cappella - Ariana Grande, The Weeknd.flac
2026-04-11 17:29:57  INFO       🗑️  The Weeknd/Love Me Harder/Love Me Harder - Instrumental - Ariana Grande.flac
2026-04-11 17:29:57  INFO       🗑️  The Weeknd/Moth To A Flame/Moth To A Flame (with The Weeknd, Chris Lake) - Chris Lake Remix - Swedish House Mafia, The Weeknd, Chris Lake.flac
2026-04-11 17:29:57  INFO       🗑️  The Weeknd/Moth To A Flame/Moth To A Flame (with The Weeknd, feat. Tourist) - Tourist Remix - Swedish House Mafia, The Weeknd, Tourist.flac
2026-04-11 17:29:57  INFO       🗑️  The Weeknd/Moth To A Flame (Moojo Remix)/Moth To A Flame (with The Weeknd, Moojo) - Moojo Remix - Swedish House Mafia, The Weeknd, Moojo.flac
2026-04-11 17:29:57  INFO       🗑️  The Weeknd/Moth To A Flame (with The Weeknd) - Extended Mix - Swedish House Mafia, The Weeknd.flac
2026-04-11 17:29:57  INFO       🗑️  The Weeknd/My Dear Melancholy,/Call Out My Name - A Cappella - The Weeknd.flac
2026-04-11 17:29:57  INFO       🗑️  The Weeknd/Often (Kygo Remix)/Often - Kygo Remix - The Weeknd, Kygo.flac
2026-04-11 17:29:57  INFO       🗑️  The Weeknd/One of the Girls/One Of The Girls - A Cappella - The Weeknd, JENNIE, Lily-Rose Depp.flac
2026-04-11 17:29:57  INFO       🗑️  The Weeknd/One of the Girls/One Of The Girls - Instrumental - The Weeknd, JENNIE, Lily-Rose Depp.flac
2026-04-11 17:29:57  INFO       🗑️  The Weeknd/One of the Girls/One Of The Girls - Slowed - The Weeknd, JENNIE, Lily-Rose Depp.flac
2026-04-11 17:29:57  INFO       🗑️  The Weeknd/One of the Girls/One Of The Girls - Sped Up - The Weeknd, JENNIE, Lily-Rose Depp.flac
2026-04-11 17:29:57  INFO       🗑️  The Weeknd/Or Nah (feat. The Weeknd, Wiz Khalifa & DJ Mustard) [Remix]/Or Nah (feat. The Weeknd, Wiz Khalifa & DJ Mustard) - Remix - Ty Dolla $ign, The Weeknd, Wiz Khalifa, Mustard.flac
2026-04-11 17:29:57  INFO       🗑️  The Weeknd/Out Of Time (Remix Bundle)/Out of Time - Instrumental - The Weeknd.flac
2026-04-11 17:29:57  INFO       🗑️  The Weeknd/Out Of Time (Remix Bundle)/Out of Time - KAYTRANADA Remix - The Weeknd, KAYTRANADA.flac
2026-04-11 17:29:57  INFO       🗑️  The Weeknd/Out Of Time (Remix Bundle)/Out of Time - KAYTRANADA Remix Radio Edit - The Weeknd, KAYTRANADA.flac
2026-04-11 17:29:57  INFO       🗑️  The Weeknd/Popular/Popular (A Cappella) (with Playboi Carti & Madonna) - The Weeknd, Madonna, Playboi Carti.flac
2026-04-11 17:29:57  INFO       🗑️  The Weeknd/Popular/Popular (Instrumental) (with Playboi Carti & Madonna) - The Weeknd, Madonna, Playboi Carti.flac
2026-04-11 17:29:57  INFO       🗑️  The Weeknd/Popular/Popular (Slowed) (with Playboi Carti & Madonna) - The Weeknd, Madonna, Playboi Carti, xxtristanxo.flac
2026-04-11 17:29:57  INFO       🗑️  The Weeknd/Popular/Popular (Sped Up) (with Playboi Carti & Madonna) - The Weeknd, Madonna, Playboi Carti, xxtristanxo.flac
2026-04-11 17:29:57  INFO       🗑️  The Weeknd/Reminder (Remix)/Reminder - Remix - The Weeknd, A$AP Rocky, Young Thug.flac
2026-04-11 17:29:57  INFO       🗑️  The Weeknd/Save Your Tears (Remix)/Save Your Tears (with Ariana Grande) (Remix) - The Weeknd, Ariana Grande.flac
2026-04-11 17:29:57  INFO       🗑️  The Weeknd/Starboy/Stargirl Interlude - The Weeknd, Lana Del Rey.flac
2026-04-11 17:29:57  INFO       🗑️  The Weeknd/Starboy (Deluxe)/Die For You (with Ariana Grande) - Remix - The Weeknd, Ariana Grande.flac
2026-04-11 17:29:57  INFO       🗑️  The Weeknd/Starboy (Deluxe)/Reminder (feat. A$AP Rocky & Young Thug) - Remix - The Weeknd, A$AP Rocky, Young Thug.flac
2026-04-11 17:29:57  INFO       🗑️  The Weeknd/Starboy (Deluxe)/Starboy (feat. Daft Punk) - Kygo Remix - The Weeknd, Daft Punk, Kygo.flac
2026-04-11 17:29:57  INFO       🗑️  The Weeknd/Starboy (Kygo Remix)/Starboy - Kygo Remix - The Weeknd, Daft Punk, Kygo.flac
2026-04-11 17:29:57  INFO       🗑️  The Weeknd/Starry Eyes (MIKE DEAN Remix)/Starry Eyes - MIKE DEAN Remix - The Weeknd, MIKE DEAN.flac
2026-04-11 17:29:57  INFO       🗑️  The Weeknd/São Paulo/São Paulo (feat. Anitta) - Live From São Paulo - The Weeknd, Anitta.flac
2026-04-11 17:29:57  INFO       🗑️  The Weeknd/São Paulo/São Paulo (feat. Anitta) - Single Version Acapella - The Weeknd, Anitta.flac
2026-04-11 17:29:57  INFO       🗑️  The Weeknd/Take My Breath/Take My Breath - Extended Version - The Weeknd.flac
2026-04-11 17:29:57  INFO       🗑️  The Weeknd/Take My Breath/Take My Breath - Instrumental - The Weeknd.flac
2026-04-11 17:29:57  INFO       🗑️  The Weeknd/The Highlights (Deluxe)/Stargirl Interlude (feat. Lana Del Rey) - The Weeknd, Lana Del Rey.flac
2026-04-11 17:29:57  INFO       🗑️  The Weeknd/The Hills (RL Grime Remix)/The Hills - RL Grime Remix - The Weeknd, RL Grime.flac
2026-04-11 17:29:57  INFO       🗑️  The Weeknd/The Hills Remixes/The Hills - Remix - The Weeknd, Eminem.flac
2026-04-11 17:29:57  INFO       🗑️  The Weeknd/The Hills Remixes/The Hills - Remix - The Weeknd, Nicki Minaj.flac
2026-04-11 17:29:57  INFO       🗑️  The Weeknd/Timeless (Remix)/Timeless (feat. Playboi Carti & Doechii) - Remix - The Weeknd, Doechii, Playboi Carti.flac
2026-04-11 17:29:57  INFO       🗑️  The Weeknd/Timeless (Remix)/Timeless - Instrumental - The Weeknd, Playboi Carti.flac
2026-04-11 17:29:57  INFO       🗑️  The Weeknd/Wanderlust/Wanderlust - Pharrell Remix - The Weeknd.flac
2026-04-11 17:29:57  INFO       🗑️  The Weeknd/Wanderlust (Remixes)/Wanderlust - Clean Bandit Remix - The Weeknd.flac
2026-04-11 17:29:57  INFO       🗑️  The Weeknd/Wanderlust (Remixes)/Wanderlust - Steve Pitron & Max Sanna Club Mix - The Weeknd.flac
2026-04-11 17:29:57  INFO       🗑️  The Weeknd/Wanderlust (Remixes)/Wanderlust - Steve Pitron & Max Sanna Radio Edit - The Weeknd.flac
2026-04-11 17:29:57  INFO       🗑️  Trois Cafés Gourmands/Comme des enfants (Réédition)/L'année prochaine - Radio Edit 2021 - Trois Cafés Gourmands.flac
2026-04-11 17:29:57  INFO       🗑️  Trois Cafés Gourmands/De la fièvre et puis du feu (live)/De la fièvre et puis du feu - live - Trois Cafés Gourmands.flac
2026-04-11 17:29:57  INFO       🗑️  Trois Cafés Gourmands/Des ondes et des reflets (Réédition)/De la fièvre et puis du feu - Live - Trois Cafés Gourmands.flac
2026-04-11 17:29:57  INFO       🗑️  Trois Cafés Gourmands/Des ondes et des reflets (Réédition)/Mademoiselle - Radio Edit - Trois Cafés Gourmands.flac
2026-04-11 17:29:57  INFO       🗑️  Trois Cafés Gourmands/Des ondes et des reflets (Réédition)/S'enlacer - Live - Trois Cafés Gourmands.flac
2026-04-11 17:29:57  INFO       🗑️  Trois Cafés Gourmands/Des ondes et des reflets (Réédition)/Tu le sais bien - Radio Edit - Trois Cafés Gourmands.flac
2026-04-11 17:29:57  INFO       🗑️  Trois Cafés Gourmands/Tu le sais bien (Edit Radio)/Tu le sais bien - Edit Radio - Trois Cafés Gourmands.flac
2026-04-11 17:29:57  INFO       🗑️  Trois Cafés Gourmands/Un air de Live/Adésias - Live 2019 - Trois Cafés Gourmands.flac
2026-04-11 17:29:57  INFO       🗑️  Trois Cafés Gourmands/Un air de Live/Ainsi va la vie! - Live 2019 - Trois Cafés Gourmands.flac
2026-04-11 17:29:57  INFO       🗑️  Trois Cafés Gourmands/Un air de Live/Corrosif - Live 2019 - Trois Cafés Gourmands.flac
2026-04-11 17:29:57  INFO       🗑️  Trois Cafés Gourmands/Un air de Live/Jamais deux sans toi - Live 2019 - Trois Cafés Gourmands.flac
2026-04-11 17:29:57  INFO       🗑️  Trois Cafés Gourmands/Un air de Live/L'horizon noir - Live 2019 - Trois Cafés Gourmands.flac
2026-04-11 17:29:57  INFO       🗑️  Trois Cafés Gourmands/Un air de Live/Le coffre à jouets - Live 2019 - Trois Cafés Gourmands.flac
2026-04-11 17:29:57  INFO       🗑️  Trois Cafés Gourmands/Un air de Live/Le problème de ma solution - Live 2019 - Trois Cafés Gourmands.flac
2026-04-11 17:29:57  INFO       🗑️  Trois Cafés Gourmands/Un air de Live/Les mots tristes - Live 2019 - Trois Cafés Gourmands.flac
2026-04-11 17:29:57  INFO       🗑️  Trois Cafés Gourmands/Un air de Live/Les secrets interdits - Live 2019 - Trois Cafés Gourmands.flac
2026-04-11 17:29:57  INFO       🗑️  Trois Cafés Gourmands/Un air de Live/Un air de rien - Live 2019 - Trois Cafés Gourmands.flac
2026-04-11 17:29:57  INFO       🗑️  Trois Cafés Gourmands/Un air de Live/À en perdre la parole - Live 2019 - Trois Cafés Gourmands.flac
2026-04-11 17:29:57  INFO       🗑️  Trois Cafés Gourmands/Un air de Live/À nos souvenirs - Live 2019 - Trois Cafés Gourmands.flac
2026-04-11 17:29:57  INFO       🗑️  Trois Cafés Gourmands/Un air de Live/À nous! - Live 2019 - Trois Cafés Gourmands.flac
2026-04-11 17:29:57  INFO       🗑️  Trois Cafés Gourmands/Un air de Live/Évidemment - Live 2019 - Trois Cafés Gourmands.flac
2026-04-11 17:29:57  INFO       🗑️  Trois Cafés Gourmands/Un air de rien (Version collector)/À nos souvenirs - Radio Edit - Trois Cafés Gourmands.flac
2026-04-11 17:29:57  INFO       🗑️  Twenty One Pilots/Level of Concern (live from outside)/Level of Concern - live from outside - Twenty One Pilots.flac
2026-04-11 17:29:57  INFO       🗑️  Twenty One Pilots/MTV Unplugged (Live)/Car Radio Heathens - MTV Unplugged Live - Twenty One Pilots.flac
2026-04-11 17:29:57  INFO       🗑️  Twenty One Pilots/MTV Unplugged (Live)/House Of Gold Lane Boy - MTV Unplugged Live - Twenty One Pilots.flac
2026-04-11 17:29:57  INFO       🗑️  Twenty One Pilots/MTV Unplugged (Live)/Intro - MTV Unplugged Live - Twenty One Pilots.flac
2026-04-11 17:29:57  INFO       🗑️  Twenty One Pilots/MTV Unplugged (Live)/Ride Nico And The Niners - MTV Unplugged Live - Twenty One Pilots.flac
2026-04-11 17:29:57  INFO       🗑️  Twenty One Pilots/MTV Unplugged (Live)/Shy Away - MTV Unplugged Live - Twenty One Pilots.flac
2026-04-11 17:29:57  INFO       🗑️  Twenty One Pilots/MTV Unplugged (Live)/Stressed Out - MTV Unplugged Live - Twenty One Pilots.flac
2026-04-11 17:29:57  INFO       🗑️  Twenty One Pilots/MTV Unplugged (Live)/Tear in My Heart - MTV Unplugged Live - Twenty One Pilots.flac
2026-04-11 17:29:57  INFO       🗑️  Twenty One Pilots/Overcompensate/Overcompensate (edit) - Twenty One Pilots.flac
2026-04-11 17:29:57  INFO       🗑️  Vanessa Paradis/Au Zenith/Bliss - Live Zenith 2001 - Vanessa Paradis.flac
2026-04-11 17:29:57  INFO       🗑️  Vanessa Paradis/Au Zenith/Commando - Live Zenith 2001 - Vanessa Paradis.flac
2026-04-11 17:29:57  INFO       🗑️  Vanessa Paradis/Au Zenith/Dans Mon Café - Live Zenith 2001 - Vanessa Paradis.flac
2026-04-11 17:29:57  INFO       🗑️  Vanessa Paradis/Au Zenith/Dis Lui Toi Que Je T'Aime - Live Zenith 2001 - Vanessa Paradis.flac
2026-04-11 17:29:57  INFO       🗑️  Vanessa Paradis/Au Zenith/Intro - Live - Vanessa Paradis.flac
2026-04-11 17:29:57  INFO       🗑️  Vanessa Paradis/Au Zenith/Joe Le Taxi - Live Zenith 2001 - Vanessa Paradis.flac
2026-04-11 17:29:57  INFO       🗑️  Vanessa Paradis/Au Zenith/L'Eau Et Le Vin - Live Zenith 2001 - Vanessa Paradis.flac
2026-04-11 17:29:57  INFO       🗑️  Vanessa Paradis/Au Zenith/L'eau à la bouche - Live Zénith, Paris 2001 - Vanessa Paradis.flac
2026-04-11 17:29:57  INFO       🗑️  Vanessa Paradis/Au Zenith/La La La Song - Live Zenith 2001 - Vanessa Paradis.flac
2026-04-11 17:29:57  INFO       🗑️  Vanessa Paradis/Au Zenith/Les Acrobates - Live Zenith 2001 - Vanessa Paradis.flac
2026-04-11 17:29:57  INFO       🗑️  Vanessa Paradis/Au Zenith/Marilyn Et John - Live Zenith 2001 - Vanessa Paradis.flac
2026-04-11 17:29:57  INFO       🗑️  Vanessa Paradis/Au Zenith/Pourtant - Live Zenith 2001 - Vanessa Paradis.flac
2026-04-11 17:29:57  INFO       🗑️  Vanessa Paradis/Au Zenith/Que Fait La Vie - Live Zenith 2001 - Vanessa Paradis.flac
2026-04-11 17:29:57  INFO       🗑️  Vanessa Paradis/Au Zenith/Requiem Pour Un Con - Live Zenith 2001 - Vanessa Paradis.flac
2026-04-11 17:29:57  INFO       🗑️  Vanessa Paradis/Au Zenith/St Germain - Live Zenith 2001 - Vanessa Paradis.flac
2026-04-11 17:29:57  INFO       🗑️  Vanessa Paradis/Au Zenith/Sunday Mondays - Live Zenith 2001 - Vanessa Paradis.flac
2026-04-11 17:29:57  INFO       🗑️  Vanessa Paradis/Au Zenith/Tandem - Live Zenith 2001 - Vanessa Paradis.flac
2026-04-11 17:29:57  INFO       🗑️  Vanessa Paradis/Au Zenith/Walk On The Wild Side - Live Zenith 2001 - Vanessa Paradis.flac
2026-04-11 17:29:57  INFO       🗑️  Vanessa Paradis/BOF Un Monstre A Paris (Limited Edition)/Les Actualités - Interlude - Philippe Peythieu.flac
2026-04-11 17:29:57  INFO       🗑️  Vanessa Paradis/BOF Un Monstre A Paris (Limited Edition)/Lucille 'Le Baptême' - Interlude - Vanessa Paradis.flac
2026-04-11 17:29:57  INFO       🗑️  Vanessa Paradis/Divinidylle Tour (Live)/Be My Baby - Live - Vanessa Paradis.flac
2026-04-11 17:29:57  INFO       🗑️  Vanessa Paradis/Divinidylle Tour (Live)/Chet Baker - Live - Vanessa Paradis.flac
2026-04-11 17:29:57  INFO       🗑️  Vanessa Paradis/Divinidylle Tour (Live)/Dis-Lui Toi Que Je T'Aime - Live - Vanessa Paradis.flac
2026-04-11 17:29:57  INFO       🗑️  Vanessa Paradis/Divinidylle Tour (Live)/Divine Idylle - Live - Vanessa Paradis.flac
2026-04-11 17:29:57  INFO       🗑️  Vanessa Paradis/Divinidylle Tour (Live)/Dès Que J'Te Vois - Live - Vanessa Paradis.flac
2026-04-11 17:29:57  INFO       🗑️  Vanessa Paradis/Divinidylle Tour (Live)/Irrésistiblement - Live - Vanessa Paradis.flac
2026-04-11 17:29:57  INFO       🗑️  Vanessa Paradis/Divinidylle Tour (Live)/Joe Le Taxi - Live - Vanessa Paradis.flac
2026-04-11 17:29:57  INFO       🗑️  Vanessa Paradis/Divinidylle Tour (Live)/Junior Suite - Live - Vanessa Paradis.flac
2026-04-11 17:29:57  INFO       🗑️  Vanessa Paradis/Divinidylle Tour (Live)/L'Incendie - Live - Vanessa Paradis.flac
2026-04-11 17:29:57  INFO       🗑️  Vanessa Paradis/Divinidylle Tour (Live)/La Vague A Lames Bliss Scarabée - Live - Vanessa Paradis.flac
2026-04-11 17:29:57  INFO       🗑️  Vanessa Paradis/Divinidylle Tour (Live)/Le Tourbillon - Live - Vanessa Paradis.flac
2026-04-11 17:29:57  INFO       🗑️  Vanessa Paradis/Divinidylle Tour (Live)/Les Piles - Live - Vanessa Paradis, -M-.flac
2026-04-11 17:29:57  INFO       🗑️  Vanessa Paradis/Divinidylle Tour (Live)/Que Fait La Vie - Live - Vanessa Paradis.flac
2026-04-11 17:29:57  INFO       🗑️  Vanessa Paradis/Divinidylle Tour (Live)/Saint Germain - Live - Vanessa Paradis.flac
2026-04-11 17:29:57  INFO       🗑️  Vanessa Paradis/Divinidylle Tour (Live)/Varvara Pavlovna - Live - Vanessa Paradis.flac
2026-04-11 17:29:57  INFO       🗑️  Vanessa Paradis/Live (2024 Remaster - 30th Anniversary Deluxe Edition)/As Tears Go By - 2024 Remaster - Live à l'Olympia, Paris 1993 - Vanessa Paradis.flac
2026-04-11 17:29:57  INFO       🗑️  Vanessa Paradis/Live (2024 Remaster - 30th Anniversary Deluxe Edition)/Dis-lui toi que je t'aime - 2024 Remaster - Live à l'Olympia, Paris 1993 - Vanessa Paradis.flac
2026-04-11 17:29:57  INFO       🗑️  Vanessa Paradis/Live (2024 Remaster - 30th Anniversary Deluxe Edition)/I'm Waiting For The Man - 2024 Remaster - Live à l'Olympia, Paris 1993 - Vanessa Paradis.flac
2026-04-11 17:29:57  INFO       🗑️  Vanessa Paradis/Live (2024 Remaster - 30th Anniversary Deluxe Edition)/Just As Long As You Are There - 2024 Remaster - Live à l'Olympia, Paris 1993 - Vanessa Paradis.flac
2026-04-11 17:29:57  INFO       🗑️  Vanessa Paradis/Live (2024 Remaster - 30th Anniversary Deluxe Edition)/La vague à lames - 2024 Remaster - Live à l'Olympia, Paris 1993 - Vanessa Paradis.flac
2026-04-11 17:29:57  INFO       🗑️  Vanessa Paradis/Live (2024 Remaster - 30th Anniversary Deluxe Edition)/Les cactus - 2024 Remaster - Live à l'Olympia, Paris 1993 - Vanessa Paradis.flac
2026-04-11 17:29:57  INFO       🗑️  Vanessa Paradis/Live (2024 Remaster - 30th Anniversary Deluxe Edition)/Maxou - 2024 Remaster - Live à l'Olympia, Paris 1993 - Vanessa Paradis.flac
2026-04-11 17:29:57  INFO       🗑️  Vanessa Paradis/Live (2024 Remaster - 30th Anniversary Deluxe Edition)/Tandem - 2024 Remaster - Live à l'Olympia, Paris 1993 - Vanessa Paradis.flac
2026-04-11 17:29:57  INFO       🗑️  Vanessa Paradis/Live (2024 Remaster - 30th Anniversary Deluxe Edition)/The Future Song - Live à l'Olympia, Paris 1993 - Vanessa Paradis.flac
2026-04-11 17:29:57  INFO       🗑️  Vanessa Paradis/Live (2024 Remaster - 30th Anniversary Deluxe Edition)/Walk On The Wild Side - Live à l'Olympia, Paris 1993 - Vanessa Paradis.flac
2026-04-11 17:29:57  INFO       🗑️  Vanessa Paradis/Live (2024 Remaster - 30th Anniversary Deluxe Edition)/Your Love Has Got A Handle On My Mind - Live à l'Olympia, Paris 1993 - Vanessa Paradis.flac
2026-04-11 17:29:57  INFO       🗑️  Vanessa Paradis/Love Songs Tour/Commando - Live - Vanessa Paradis.flac
2026-04-11 17:29:57  INFO       🗑️  Vanessa Paradis/Love Songs Tour/C’est quoi - Live - Vanessa Paradis.flac
2026-04-11 17:29:57  INFO       🗑️  Vanessa Paradis/Love Songs Tour/Dis-lui toi que je t'aime - Live - Vanessa Paradis.flac
2026-04-11 17:29:57  INFO       🗑️  Vanessa Paradis/Love Songs Tour/Divine idylle - Live - Vanessa Paradis.flac
2026-04-11 17:29:57  INFO       🗑️  Vanessa Paradis/Love Songs Tour/Doorway - Live - Vanessa Paradis.flac
2026-04-11 17:29:57  INFO       🗑️  Vanessa Paradis/Love Songs Tour/Etre celle - Live - Vanessa Paradis.flac
2026-04-11 17:29:57  INFO       🗑️  Vanessa Paradis/Love Songs Tour/Il y a - Live - Vanessa Paradis.flac
2026-04-11 17:29:57  INFO       🗑️  Vanessa Paradis/Love Songs Tour/Intro (Vanessa Paradis Love Songs Tour) - Vanessa Paradis.flac
2026-04-11 17:29:57  INFO       🗑️  Vanessa Paradis/Love Songs Tour/Joe le taxi - Live - Vanessa Paradis.flac
2026-04-11 17:29:57  INFO       🗑️  Vanessa Paradis/Love Songs Tour/L'interlude - Live - Vanessa Paradis.flac
2026-04-11 17:29:57  INFO       🗑️  Vanessa Paradis/Love Songs Tour/L'ouverture - Live - Vanessa Paradis.flac
2026-04-11 17:29:57  INFO       🗑️  Vanessa Paradis/Love Songs Tour/La Seine - Live - Vanessa Paradis.flac
2026-04-11 17:29:57  INFO       🗑️  Vanessa Paradis/Love Songs Tour/La chanson des vieux cons - Live - Vanessa Paradis.flac
2026-04-11 17:29:57  INFO       🗑️  Vanessa Paradis/Love Songs Tour/La crème - Live - Vanessa Paradis.flac
2026-04-11 17:29:57  INFO       🗑️  Vanessa Paradis/Love Songs Tour/Le rempart - Live France 2014 - Vanessa Paradis.flac
2026-04-11 17:29:57  INFO       🗑️  Vanessa Paradis/Love Songs Tour/Le rempart - Live Nuits de Fourvière, théâtre antique, Lyon 2014 - Vanessa Paradis, Benjamin Biolay.flac
2026-04-11 17:29:57  INFO       🗑️  Vanessa Paradis/Love Songs Tour/Les Roses roses - Live - Vanessa Paradis, Benjamin Biolay.flac
2026-04-11 17:29:57  INFO       🗑️  Vanessa Paradis/Love Songs Tour/Les espaces & les sentiments - Live - Vanessa Paradis.flac
2026-04-11 17:29:57  INFO       🗑️  Vanessa Paradis/Love Songs Tour/Love Song - Live France 2014 - Vanessa Paradis.flac
2026-04-11 17:29:57  INFO       🗑️  Vanessa Paradis/Love Songs Tour/Love Song - Live Nuits de Fourvière, théâtre antique, Lyon 2014 - Vanessa Paradis.flac
2026-04-11 17:29:57  INFO       🗑️  Vanessa Paradis/Love Songs Tour/L’au-delà - Live - Vanessa Paradis.flac
2026-04-11 17:29:57  INFO       🗑️  Vanessa Paradis/Love Songs Tour/L’incendie - Live - Vanessa Paradis.flac
2026-04-11 17:29:57  INFO       🗑️  Vanessa Paradis/Love Songs Tour/Marilyn & John - Live - Vanessa Paradis.flac
2026-04-11 17:29:58  INFO       🗑️  Vanessa Paradis/Love Songs Tour/Mi amor - Live - Vanessa Paradis.flac
2026-04-11 17:29:58  INFO       🗑️  Vanessa Paradis/Love Songs Tour/Natural High - Live - Vanessa Paradis.flac
2026-04-11 17:29:58  INFO       🗑️  Vanessa Paradis/Love Songs Tour/New Year - Live - Vanessa Paradis.flac
2026-04-11 17:29:58  INFO       🗑️  Vanessa Paradis/Love Songs Tour/Pas besoin de permis - Live - Vanessa Paradis, Benjamin Biolay.flac
2026-04-11 17:29:58  INFO       🗑️  Vanessa Paradis/Love Songs Tour/Pourtant - Live - Vanessa Paradis.flac
2026-04-11 17:29:58  INFO       🗑️  Vanessa Paradis/Love Songs Tour/Prends garde à moi - Live - Vanessa Paradis.flac
2026-04-11 17:29:58  INFO       🗑️  Vanessa Paradis/Love Songs Tour/Rocking-Chair - Live - Vanessa Paradis.flac
2026-04-11 17:29:58  INFO       🗑️  Vanessa Paradis/Love Songs Tour/Station Quatre-Septembre - Live France 2014 - Vanessa Paradis.flac
2026-04-11 17:29:58  INFO       🗑️  Vanessa Paradis/Love Songs Tour/Station Quatre-Septembre - Live Nuits de Fourvière, théâtre antique, Lyon 2014 - Vanessa Paradis, Benjamin Biolay.flac
2026-04-11 17:29:58  INFO       🗑️  Vanessa Paradis/Love Songs Tour/Sunday Mondays - Live - Vanessa Paradis.flac
2026-04-11 17:29:58  INFO       🗑️  Vanessa Paradis/Love Songs Tour/Tandem - Live - Vanessa Paradis.flac
2026-04-11 17:29:58  INFO       🗑️  Vanessa Paradis/Love Songs Tour/Tu pars comme on revient - Live - Vanessa Paradis.flac
2026-04-11 17:29:58  INFO       🗑️  Vanessa Paradis/Love Songs Tour/Tu si na cosa grande - Live - Vanessa Paradis.flac
2026-04-11 17:29:58  INFO       🗑️  Vanessa Paradis/Love Songs Tour/Tu vois c’ que j’vois - Live Nuits de Fourvière, théâtre antique, Lyon 2014 - Vanessa Paradis.flac
2026-04-11 17:29:58  INFO       🗑️  Vanessa Paradis/Love Songs Tour/Tu vois c’que j’vois - Live France 2014 - Vanessa Paradis.flac
2026-04-11 17:29:58  INFO       🗑️  Vanessa Paradis/Tirer la nuit sur les étoiles (Yan Wagner Remix)/Tirer la nuit sur les étoiles - Yan Wagner's Radio Remix - Étienne Daho, Vanessa Paradis, Yan Wagner.flac
2026-04-11 17:29:58  INFO       🗑️  Vanessa Paradis/Vanessa Paradis Best of/Emmenez-Moi - Live - Vanessa Paradis.flac
2026-04-11 17:29:58  INFO       🗑️  Vanessa Paradis/Vanessa Paradis Best of/This Will Be Our Year - Live Zenith 2001 - Vanessa Paradis.flac
2026-04-11 17:29:58  INFO       🗑️  XXXTENTACION/17/Ayala (Outro) - XXXTENTACION.flac
2026-04-11 17:29:58  INFO       🗑️  XXXTENTACION/17/Dead Inside (Interlude) - XXXTENTACION.flac
2026-04-11 17:29:58  INFO       🗑️  XXXTENTACION/Bad Vibes Forever/NorthStar (feat. Joyner Lucas) - Remix - XXXTENTACION, Joyner Lucas.flac
2026-04-11 17:29:58  INFO       🗑️  XXXTENTACION/Bad Vibes Forever/the interlude that never ends - XXXTENTACION.flac
2026-04-11 17:29:58  INFO       🗑️  XXXTENTACION/Falling Down (Travis Barker Remix)/Falling Down - Travis Barker Remix - Lil Peep, XXXTENTACION, Travis Barker.flac
2026-04-11 17:29:58  INFO       🗑️  XXXTENTACION/LOOK AT ME_ THE ALBUM/FAILURE IS NOT AN OPTION (Interlude) - XXXTENTACION.flac
2026-04-11 17:29:58  INFO       🗑️  XXXTENTACION/SKINS/difference (interlude) - XXXTENTACION.flac
2026-04-11 17:29:58  INFO       🗑️  XXXTENTACION/Teeth (Interlude)/Teeth (Interlude) - XXXTENTACION.flac
2026-04-11 17:29:58  INFO       🗑️  XXXTENTACION/XXXTENTACION Presents_ Members Only, Vol. 3/Find Me (Intro) - XXXTENTACION.flac
2026-04-11 17:29:58  INFO       🗑️  XXXTENTACION/XXXTENTACION Presents_ Members Only, Vol. 4/Corey's Intro - Corey.flac
2026-04-11 17:29:58  INFO       🗑️  XXXTENTACION/_ (Deluxe)/$$$ - Instrumental - XXXTENTACION.flac
2026-04-11 17:29:58  INFO       🗑️  XXXTENTACION/_ (Deluxe)/ALONE, PART 3 - Instrumental - XXXTENTACION.flac
2026-04-11 17:29:58  INFO       🗑️  XXXTENTACION/_ (Deluxe)/Floor 555 - Instrumental - XXXTENTACION.flac
2026-04-11 17:29:58  INFO       🗑️  XXXTENTACION/_ (Deluxe)/Hope - Instrumental - XXXTENTACION.flac
2026-04-11 17:29:58  INFO       🗑️  XXXTENTACION/_ (Deluxe)/I don’t even speak spanish lol - Instrumental - XXXTENTACION.flac
2026-04-11 17:29:58  INFO       🗑️  XXXTENTACION/_ (Deluxe)/Moonlight - Instrumental - XXXTENTACION.flac
2026-04-11 17:29:58  INFO       🗑️  XXXTENTACION/_ (Deluxe)/NUMB - Acoustic - XXXTENTACION.flac
2026-04-11 17:29:58  INFO       🗑️  XXXTENTACION/_ (Deluxe)/NUMB - Instrumental - XXXTENTACION.flac
2026-04-11 17:29:58  INFO       🗑️  XXXTENTACION/_ (Deluxe)/Pain = BESTFRIEND - Instrumental - XXXTENTACION, Travis Barker.flac
2026-04-11 17:29:58  INFO       🗑️  XXXTENTACION/_ (Deluxe)/SAD! - Instrumental - XXXTENTACION.flac
2026-04-11 17:29:58  INFO       🗑️  XXXTENTACION/_ (Deluxe)/SMASH! - Instrumental - XXXTENTACION.flac
2026-04-11 17:29:58  INFO       🗑️  XXXTENTACION/_ (Deluxe)/before I close my eyes - Instrumental - XXXTENTACION.flac
2026-04-11 17:29:58  INFO       🗑️  XXXTENTACION/_ (Deluxe)/changes - Instrumental - XXXTENTACION.flac
2026-04-11 17:29:58  INFO       🗑️  XXXTENTACION/_ (Deluxe)/going down! - Instrumental - XXXTENTACION.flac
2026-04-11 17:29:58  INFO       🗑️  XXXTENTACION/_ (Deluxe)/infinity (888) - Instrumental - XXXTENTACION.flac
2026-04-11 17:29:58  INFO       🗑️  XXXTENTACION/_ (Deluxe)/love yourself (interlude) - Instrumental - XXXTENTACION.flac
2026-04-11 17:29:58  INFO       🗑️  XXXTENTACION/_ (Deluxe)/love yourself (interlude) - XXXTENTACION.flac
2026-04-11 17:29:58  INFO       🗑️  XXXTENTACION/_ (Deluxe)/schizophrenia - Instrumental - XXXTENTACION.flac
2026-04-11 17:29:58  INFO       🗑️  XXXTENTACION/_ (Deluxe)/the remedy for a broken heart (why am I so in love) - Instrumental - XXXTENTACION.flac
2026-04-11 17:29:58  INFO       🗑️  XXXTENTACION/revenge (slowed & reverb)/revenge - slowed & reverb - XXXTENTACION.flac
2026-04-11 17:29:58  INFO       🗑️  XXXTENTACION/whoa (mind in awe) [Remix]/whoa (mind in awe) - Remix - XXXTENTACION, Juice WRLD.flac
2026-04-11 17:29:58  INFO       🗑️  Zaz/On s'en remet jamais (Yidam Remix)/On s'en remet jamais - Yidam Remix - Zaz, Yidam.flac
2026-04-11 17:29:58  INFO       🗑️  Zaz/Sans Tsu-Tsou/Aux détenteurs - Live - Zaz.flac
2026-04-11 17:29:58  INFO       🗑️  Zaz/Sans Tsu-Tsou/Dans ma rue - Live - Zaz.flac
2026-04-11 17:29:58  INFO       🗑️  Zaz/Sans Tsu-Tsou/Eblouie par la nuit - Live - Zaz.flac
2026-04-11 17:29:58  INFO       🗑️  Zaz/Sans Tsu-Tsou/J'aime à nouveau - Live - Zaz.flac
2026-04-11 17:29:58  INFO       🗑️  Zaz/Sans Tsu-Tsou/J'arrive pas - Live - Zaz.flac
2026-04-11 17:29:58  INFO       🗑️  Zaz/Sans Tsu-Tsou/Je saute partout - Live - Zaz.flac
2026-04-11 17:29:58  INFO       🗑️  Zaz/Sans Tsu-Tsou/Je veux - Live - Zaz.flac
2026-04-11 17:29:58  INFO       🗑️  Zaz/Sans Tsu-Tsou/La Fée - Live - Zaz.flac
2026-04-11 17:29:58  INFO       🗑️  Zaz/Sans Tsu-Tsou/Le Long de la route - Live - Zaz.flac
2026-04-11 17:29:58  INFO       🗑️  Zaz/Sans Tsu-Tsou/Les Passants - Live - Zaz.flac
2026-04-11 17:29:58  INFO       🗑️  Zaz/Sans Tsu-Tsou/Ma folie - Live - Zaz.flac
2026-04-11 17:29:58  INFO       🗑️  Zaz/Sans Tsu-Tsou/Ni oui ni non - Live - Zaz.flac
2026-04-11 17:29:58  INFO       🗑️  Zaz/Sans Tsu-Tsou/Port Coton - Live - Zaz.flac
2026-04-11 17:29:58  INFO       🗑️  Zaz/Sans Tsu-Tsou/Pray the Sunshine - Live - Zaz.flac
2026-04-11 17:29:58  INFO       🗑️  Zaz/Sans Tsu-Tsou/Prends garde à ta langue - Live - Zaz.flac
2026-04-11 17:29:58  INFO       🗑️  Zaz/Sans Tsu-Tsou/Trop sensible - Live - Zaz.flac
2026-04-11 17:29:58  INFO       🗑️  Zaz/Si (Radio Edit)/Si - Radio Edit - Zaz.flac
2026-04-11 17:29:58  INFO       🗑️  Zaz/Sur la route/Tous les cris les SOS - Sur la route Live 2015 - Zaz.flac
2026-04-11 17:29:58  INFO       🗑️  Zaz/Sur la route du Japon/Cette journée - Sur la route Live 2015 - Zaz.flac
2026-04-11 17:29:58  INFO       🗑️  Zaz/Sur la route du Japon/Comme ci, comme ça - Sur la route Live 2015 - Zaz.flac
2026-04-11 17:29:58  INFO       🗑️  Zaz/Sur la route du Japon/Déterre - Sur la route Live 2015 - Zaz.flac
2026-04-11 17:29:58  INFO       🗑️  Zaz/Sur la route du Japon/Je veux (Sur la route Live 2015) - Japan Version - Zaz.flac
2026-04-11 17:29:58  INFO       🗑️  Zaz/Sur la route du Japon/Je veux - Sur la route Live 2015 - Zaz.flac
2026-04-11 17:29:58  INFO       🗑️  Zaz/Sur la route du Japon/La fée - Sur la route Live 2015 - Zaz.flac
2026-04-11 17:29:58  INFO       🗑️  Zaz/Sur la route du Japon/Le long de la route - Sur la route Live 2015 - Zaz.flac
2026-04-11 17:29:58  INFO       🗑️  Zaz/Sur la route du Japon/On ira - Sur la route Live 2015 - Zaz.flac
2026-04-11 17:29:58  INFO       🗑️  Zaz/Sur la route du Japon/Si - Sur la route Live 2015 - Zaz.flac
2026-04-11 17:29:58  INFO       🗑️  Zaz/Sur la route du Japon/Si jamais j'oublie - Sur la route Live 2015 - Zaz.flac
2026-04-11 17:29:58  INFO       🗑️  Zaz/Sur la route du Japon/Si je perds - Sur la route Live 2015 - Zaz.flac
2026-04-11 17:29:58  INFO       🗑️  Zaz/Sur la route du Japon/Éblouie par la nuit - Sur la route Live 2015 - Zaz.flac
2026-04-11 17:29:58  INFO       🗑️  Ziak/Akimbo/La zalousie (Interlude) - Ziak.flac
2026-04-11 17:29:58  INFO       🗑️  Ziak/Essonne History X/Bad Bad - Bonus - Ziak.flac
2026-04-11 17:29:58  INFO       🗑️  Ziak/Essonne History X/Fin d'une ère - Bonus - Ziak.flac
2026-04-11 17:29:58  INFO       🗑️  Ziak/Essonne History X/J'suis en pétard - Bonus - Ziak.flac
2026-04-11 17:29:58  INFO       🗑️  Ziak/Essonne History X/La tombe de Marley - Bonus - Ziak.flac
2026-04-11 17:29:58  INFO       🗑️  Ziak/Essonne History X/Manuel de vengeance - Bonus - Ziak.flac
2026-04-11 17:29:58  INFO       🗑️  Ziak/Essonne History X/Maudit Land - Bonus - Ziak.flac
2026-04-11 17:29:58  INFO       🗑️  Ziak/Essonne History X/Rupture - Bonus - Ziak.flac
2026-04-11 17:29:58  INFO       🗑️  Ziak/Essonne History X/Sac à main - Bonus - Ziak.flac
2026-04-11 17:29:58  INFO       🗑️  a-ha/Analogue/Celice - Boris Dlugosch Remix Edit - a-ha, Boris Dlugosch, Michi Lange.flac
2026-04-11 17:29:58  INFO       🗑️  a-ha/Analogue/Celice - Thomas Schumacher Remix Edit - a-ha, Thomas Schumacher, Stephan Bodzin.flac
2026-04-11 17:29:58  INFO       🗑️  a-ha/Cast In Steel/Foot Of The Mountain - Mark Saunders Remix - a-ha.flac
2026-04-11 17:29:58  INFO       🗑️  a-ha/East of the Sun, West of the Moon (Deluxe Edition)/(Seemingly) Nonstop July - Live on NRK - a-ha.flac
2026-04-11 17:29:58  INFO       🗑️  a-ha/East of the Sun, West of the Moon (Deluxe Edition)/Crying in the Rain - Live on NRK - a-ha.flac
2026-04-11 17:29:58  INFO       🗑️  a-ha/East of the Sun, West of the Moon (Deluxe Edition)/Early Morning - Live on NRK - a-ha.flac
2026-04-11 17:29:58  INFO       🗑️  a-ha/East of the Sun, West of the Moon (Deluxe Edition)/East of the Sun - Live on NRK - a-ha.flac
2026-04-11 17:29:58  INFO       🗑️  a-ha/East of the Sun, West of the Moon (Deluxe Edition)/I Call Your Name - Instrumental Demo - a-ha.flac
2026-04-11 17:29:58  INFO       🗑️  a-ha/East of the Sun, West of the Moon (Deluxe Edition)/I Call Your Name - Live on NRK - a-ha.flac
2026-04-11 17:29:58  INFO       🗑️  a-ha/East of the Sun, West of the Moon (Deluxe Edition)/I've Been Losing You - Live on NRK - a-ha.flac
2026-04-11 17:29:58  INFO       🗑️  a-ha/East of the Sun, West of the Moon (Deluxe Edition)/Manhattan Skyline - Live on NRK - a-ha.flac
2026-04-11 17:29:58  INFO       🗑️  a-ha/East of the Sun, West of the Moon (Deluxe Edition)/Rolling Thunder - Live on NRK - a-ha.flac
2026-04-11 17:29:58  INFO       🗑️  a-ha/East of the Sun, West of the Moon (Deluxe Edition)/Slender Frame - Live on NRK - a-ha.flac
2026-04-11 17:29:58  INFO       🗑️  a-ha/East of the Sun, West of the Moon (Deluxe Edition)/Sycamore Leaves - Live on NRK - a-ha.flac
2026-04-11 17:29:58  INFO       🗑️  a-ha/Foot Of The Mountain/Foot Of The Mountain - Radio Edit - a-ha.flac
2026-04-11 17:29:58  INFO       🗑️  a-ha/Forever Not Yours/Hunting High and Low - Live in Oslo, Norway, 2001 - a-ha.flac
2026-04-11 17:29:58  INFO       🗑️  a-ha/Greatest Hits - Japanese Singles Collection/Forever Not Yours - Radio Edit - a-ha.flac
2026-04-11 17:29:58  INFO       🗑️  a-ha/Greatest Hits - Japanese Singles Collection/Hunting High and Low - Remix; 2016 Remaster - a-ha.flac
2026-04-11 17:29:58  INFO       🗑️  a-ha/Greatest Hits - Japanese Singles Collection/I've Been Losing You - Edit - a-ha.flac
2026-04-11 17:29:58  INFO       🗑️  a-ha/Greatest Hits - Japanese Singles Collection/Stay on These Roads - US Canadian 7 Edit - a-ha.flac
2026-04-11 17:29:58  INFO       🗑️  a-ha/Greatest Hits - Japanese Singles Collection/Summer Moved On - Radio Edit; 2004 Remaster - a-ha.flac
2026-04-11 17:29:58  INFO       🗑️  a-ha/Greatest Hits - Japanese Singles Collection/Touchy! - DJ Edit - a-ha.flac
2026-04-11 17:29:58  INFO       🗑️  a-ha/Greatest Hits - Japanese Singles Collection/Train of Thought - Remix; 2015 Remaster - a-ha.flac
2026-04-11 17:29:58  INFO       🗑️  a-ha/Greatest Hits - Japanese Singles Collection/You Are the One - Remix; 2016 Remaster - a-ha.flac
2026-04-11 17:29:58  INFO       🗑️  a-ha/Headlines and Deadlines - The Hits of a-ha/Hunting High and Low - Remix - a-ha.flac
2026-04-11 17:29:58  INFO       🗑️  a-ha/Headlines and Deadlines - The Hits of a-ha/Train of Thought - Remix - a-ha.flac
2026-04-11 17:29:58  INFO       🗑️  a-ha/Headlines and Deadlines - The Hits of a-ha/You Are the One - Remix - a-ha.flac
2026-04-11 17:29:58  INFO       🗑️  a-ha/How Can I Sleep With Your Voice In My Head/Cry Wolf - Live - a-ha.flac
2026-04-11 17:29:58  INFO       🗑️  a-ha/How Can I Sleep With Your Voice In My Head/Crying In The Rain - Live - a-ha.flac
2026-04-11 17:29:58  INFO       🗑️  a-ha/How Can I Sleep With Your Voice In My Head/Forever Not Yours - Live - a-ha.flac
2026-04-11 17:29:58  INFO       🗑️  a-ha/How Can I Sleep With Your Voice In My Head/Hunting High And Low - Live - a-ha.flac
2026-04-11 17:29:58  INFO       🗑️  a-ha/How Can I Sleep With Your Voice In My Head/I've Been Losing You - Live - a-ha.flac
2026-04-11 17:29:58  INFO       🗑️  a-ha/How Can I Sleep With Your Voice In My Head/Lifelines - Live - a-ha.flac
2026-04-11 17:29:58  INFO       🗑️  a-ha/How Can I Sleep With Your Voice In My Head/Manhattan Skyline - Live - a-ha.flac
2026-04-11 17:29:58  INFO       🗑️  a-ha/How Can I Sleep With Your Voice In My Head/Minor Earth Major Sky - Live - a-ha.flac
2026-04-11 17:29:58  INFO       🗑️  a-ha/How Can I Sleep With Your Voice In My Head/Scoundrel Days - Live - a-ha.flac
2026-04-11 17:29:58  INFO       🗑️  a-ha/How Can I Sleep With Your Voice In My Head/Stay On These Roads - Live - a-ha.flac
2026-04-11 17:29:58  INFO       🗑️  a-ha/How Can I Sleep With Your Voice In My Head/Summer Moved On - Live - a-ha.flac
2026-04-11 17:29:58  INFO       🗑️  a-ha/How Can I Sleep With Your Voice In My Head/Sycamore Leaves - Live - a-ha.flac
2026-04-11 17:29:58  INFO       🗑️  a-ha/How Can I Sleep With Your Voice In My Head/Take On Me - Live - a-ha.flac
2026-04-11 17:29:58  INFO       🗑️  a-ha/How Can I Sleep With Your Voice In My Head/The Living Daylights - Live - a-ha.flac
2026-04-11 17:29:58  INFO       🗑️  a-ha/How Can I Sleep With Your Voice In My Head/The Sun Always Shines On TV - Live - a-ha.flac
2026-04-11 17:29:58  INFO       🗑️  a-ha/How Can I Sleep With Your Voice In My Head/The Swing Of Things - Live - a-ha.flac
2026-04-11 17:29:58  INFO       🗑️  a-ha/Hunting High and Low (30th Anniversary Edition)/Hunting High and Low - Extended Remix; 2015 Remaster - a-ha.flac
2026-04-11 17:29:58  INFO       🗑️  a-ha/Hunting High and Low (30th Anniversary Edition)/Hunting High and Low - Remix; 2015 Remaster - a-ha.flac
2026-04-11 17:29:58  INFO       🗑️  a-ha/Hunting High and Low (30th Anniversary Edition)/Take on Me - Instrumental; 2015 Remaster - a-ha.flac
2026-04-11 17:29:58  INFO       🗑️  a-ha/Hunting High and Low (30th Anniversary Edition)/The Blue Sky - Alternate Extended Mix; 2015 Remaster - a-ha.flac
2026-04-11 17:29:58  INFO       🗑️  a-ha/Hunting High and Low (30th Anniversary Edition)/The Sun Always Shines on T.V. - Extended Version #1; 2015 Remaster - a-ha.flac
2026-04-11 17:29:58  INFO       🗑️  a-ha/Hunting High and Low (30th Anniversary Edition)/The Sun Always Shines on T.V. - Extended Version #2; 2015 Remaster - a-ha.flac
2026-04-11 17:29:58  INFO       🗑️  a-ha/Hunting High and Low (30th Anniversary Edition)/The Sun Always Shines on T.V. - Instrumental; 2015 Remaster - a-ha.flac
2026-04-11 17:29:58  INFO       🗑️  a-ha/Hunting High and Low (30th Anniversary Edition)/Train of Thought - Radio Mix; 2015 Remaster - a-ha.flac
2026-04-11 17:29:58  INFO       🗑️  a-ha/Hunting High and Low (Deluxe Edition)/Hunting High and Low - Extended Remix - a-ha.flac
2026-04-11 17:29:58  INFO       🗑️  a-ha/Hunting High and Low (Deluxe Edition)/Take on Me - Instrumental - a-ha.flac
2026-04-11 17:29:58  INFO       🗑️  a-ha/Hunting High and Low (Deluxe Edition)/The Sun Always Shines on T.V. - Extended Mix - a-ha.flac
2026-04-11 17:29:58  INFO       🗑️  a-ha/Hunting High and Low (Deluxe Edition)/The Sun Always Shines on T.V. - Extended Version - a-ha.flac
2026-04-11 17:29:58  INFO       🗑️  a-ha/Hunting High and Low (Deluxe Edition)/Train of Thought - Radio Mix - a-ha.flac
2026-04-11 17:29:58  INFO       🗑️  a-ha/Lifelines/Lifelines - Edit - a-ha.flac
2026-04-11 17:29:58  INFO       🗑️  a-ha/Lifelines (Deluxe Edition)/Lifelines - Apoptygma Berzerk Remix - a-ha.flac
2026-04-11 17:29:58  INFO       🗑️  a-ha/Lifelines (Remixes)/Lifelines - Boogieman Remix - a-ha.flac
2026-04-11 17:29:58  INFO       🗑️  a-ha/Lifelines (Remixes)/Lifelines - Console Remix - a-ha.flac
2026-04-11 17:29:58  INFO       🗑️  a-ha/Lifelines (Remixes)/Lifelines - Millenia Nova Remix - a-ha.flac
2026-04-11 17:29:58  INFO       🗑️  a-ha/Lifelines (Remixes)/Lifelines - Palace of Pleasure Remix - a-ha.flac
2026-04-11 17:29:58  INFO       🗑️  a-ha/MTV Unplugged - Summer Solstice/A Break In The Clouds - MTV Unplugged - a-ha.flac
2026-04-11 17:29:58  INFO       🗑️  a-ha/MTV Unplugged - Summer Solstice/Analogue (All I Want) - MTV Unplugged - a-ha.flac
2026-04-11 17:29:58  INFO       🗑️  a-ha/MTV Unplugged - Summer Solstice/Foot Of The Mountain - MTV Unplugged - a-ha.flac
2026-04-11 17:29:58  INFO       🗑️  a-ha/MTV Unplugged - Summer Solstice/Forever Not Yours - MTV Unplugged - a-ha.flac
2026-04-11 17:29:58  INFO       🗑️  a-ha/MTV Unplugged - Summer Solstice/Hunting High And Low - MTV Unplugged - a-ha.flac
2026-04-11 17:29:58  INFO       🗑️  a-ha/MTV Unplugged - Summer Solstice/I've Been Losing You - MTV Unplugged - a-ha, Lissie.flac
2026-04-11 17:29:58  INFO       🗑️  a-ha/MTV Unplugged - Summer Solstice/Lifelines - MTV Unplugged - a-ha.flac
2026-04-11 17:29:58  INFO       🗑️  a-ha/MTV Unplugged - Summer Solstice/Living A Boy’s Adventure Tale - MTV Unplugged - a-ha.flac
2026-04-11 17:29:58  INFO       🗑️  a-ha/MTV Unplugged - Summer Solstice/Manhattan Skyline - MTV Unplugged - a-ha.flac
2026-04-11 17:29:58  INFO       🗑️  a-ha/MTV Unplugged - Summer Solstice/Memorial Beach - MTV Unplugged - a-ha.flac
2026-04-11 17:29:58  INFO       🗑️  a-ha/MTV Unplugged - Summer Solstice/Over The Treetops - MTV Unplugged - a-ha.flac
2026-04-11 17:29:58  INFO       🗑️  a-ha/MTV Unplugged - Summer Solstice/Scoundrel Days - MTV Unplugged - a-ha, Ian McCulloch.flac
2026-04-11 17:29:58  INFO       🗑️  a-ha/MTV Unplugged - Summer Solstice/Sox Of The Fox - MTV Unplugged - a-ha.flac
2026-04-11 17:29:58  INFO       🗑️  a-ha/MTV Unplugged - Summer Solstice/Stay On These Roads - MTV Unplugged - a-ha.flac
2026-04-11 17:29:58  INFO       🗑️  a-ha/MTV Unplugged - Summer Solstice/Summer Moved On - MTV Unplugged - a-ha, Alison Moyet.flac
2026-04-11 17:29:58  INFO       🗑️  a-ha/MTV Unplugged - Summer Solstice/Take On Me - MTV Unplugged - a-ha.flac
2026-04-11 17:29:58  INFO       🗑️  a-ha/MTV Unplugged - Summer Solstice/The Killing Moon - MTV Unplugged - a-ha, Ian McCulloch.flac
2026-04-11 17:29:58  INFO       🗑️  a-ha/MTV Unplugged - Summer Solstice/The Living Daylights - MTV Unplugged - a-ha.flac
2026-04-11 17:29:58  INFO       🗑️  a-ha/MTV Unplugged - Summer Solstice/The Sun Always Shines On TV - MTV Unplugged - a-ha, Ingrid Helene Håvik.flac
2026-04-11 17:29:58  INFO       🗑️  a-ha/MTV Unplugged - Summer Solstice/This Alone Is Love - MTV Unplugged - a-ha.flac
2026-04-11 17:29:58  INFO       🗑️  a-ha/MTV Unplugged - Summer Solstice/This Is Our Home - MTV Unplugged - a-ha.flac
2026-04-11 17:29:58  INFO       🗑️  a-ha/Memorial Beach (Deluxe Edition; 2015 Remaster)/Angel in the Snow - Acoustic; Instrumental - a-ha.flac
2026-04-11 17:29:58  INFO       🗑️  a-ha/Memorial Beach (Deluxe Edition; 2015 Remaster)/Cold as Stone Sycamore Leaves - Live at the Sentrum Scene, Oslo, Norway, 3 17 1994 - a-ha.flac
2026-04-11 17:29:58  INFO       🗑️  a-ha/Memorial Beach (Deluxe Edition; 2015 Remaster)/Dark Is the Night for All - Live at the Sentrum Scene, Oslo, Norway, 3 17 1994 - a-ha.flac
2026-04-11 17:29:58  INFO       🗑️  a-ha/Memorial Beach (Deluxe Edition; 2015 Remaster)/Move to Memphis - Extended Mix - a-ha.flac
2026-04-11 17:29:58  INFO       🗑️  a-ha/Memorial Beach (Deluxe Edition; 2015 Remaster)/Move to Memphis - Live at the Sentrum Scene, Oslo, Norway, 3 17 1994 - a-ha.flac
2026-04-11 17:29:58  INFO       🗑️  a-ha/Memorial Beach (Deluxe Edition; 2015 Remaster)/Shapes That Go Together - Live at the Sentrum Scene, Oslo, Norway, 3 17 1994 - a-ha.flac
2026-04-11 17:29:58  INFO       🗑️  a-ha/Memorial Beach (Deluxe Edition; 2015 Remaster)/The Swing of Things - Live at the Sentrum Scene, Oslo, Norway, 3 17 1994 - a-ha.flac
2026-04-11 17:29:58  INFO       🗑️  a-ha/Minor Earth, Major Sky/Minor Earth Major Sky - Niven' S Radio Edit - a-ha.flac
2026-04-11 17:29:58  INFO       🗑️  a-ha/Minor Earth, Major Sky/Minor Earth, Major Sky - Atb Club Remix - a-ha.flac
2026-04-11 17:29:58  INFO       🗑️  a-ha/Minor Earth, Major Sky/Minor Earth, Major Sky - Pumpin' Dolls Club Mix - a-ha.flac
2026-04-11 17:29:58  INFO       🗑️  a-ha/Minor Earth, Major Sky (Deluxe Edition)/Manhattan Skyline - Live in Oslo, Norway, 2001 - a-ha.flac
2026-04-11 17:29:58  INFO       🗑️  a-ha/Minor Earth, Major Sky (Deluxe Edition)/Mary Ellen Makes the Moment Count - Live in Oslo, Norway, 2001 - a-ha.flac
2026-04-11 17:29:58  INFO       🗑️  a-ha/Minor Earth, Major Sky (Deluxe Edition)/Minor Earth, Major Sky - Millenia Nova Remix - a-ha.flac
2026-04-11 17:29:58  INFO       🗑️  a-ha/Minor Earth, Major Sky (Deluxe Edition)/Summer Moved On - Remix - a-ha.flac
2026-04-11 17:29:58  INFO       🗑️  a-ha/Minor Earth, Major Sky (Deluxe Edition)/The Sun Never Shone That Day - Radio Edit - a-ha.flac
2026-04-11 17:29:58  INFO       🗑️  a-ha/Minor Earth, Major Sky (Deluxe Edition)/Thought That It Was You - Live in Oslo, Norway, 2001 - a-ha.flac
2026-04-11 17:29:58  INFO       🗑️  a-ha/Minor Earth, Major Sky (Deluxe Edition)/You'll Never Get Over Me - Live in Oslo, Norway, 2001 - a-ha.flac
2026-04-11 17:29:58  INFO       🗑️  a-ha/Scoundrel Days (Deluxe Edition)/Cry Wolf - Extended Version - a-ha.flac
2026-04-11 17:29:58  INFO       🗑️  a-ha/Scoundrel Days (Deluxe Edition)/I've Been Losing You - Extended Version - a-ha.flac
2026-04-11 17:29:58  INFO       🗑️  a-ha/Scoundrel Days (Deluxe Edition)/Manhattan Skyline - Extended Remix - a-ha.flac
2026-04-11 17:29:58  INFO       🗑️  a-ha/Scoundrel Days (Deluxe Edition)/The Blue Sky - Live - a-ha.flac
2026-04-11 17:29:58  INFO       🗑️  a-ha/Scoundrel Days (Deluxe Edition)/Train of Thought - Live - a-ha.flac
2026-04-11 17:29:58  INFO       🗑️  a-ha/Scoundrel Days (Deluxe Edition)/We're Looking for the Whales - Live - a-ha.flac
2026-04-11 17:29:58  INFO       🗑️  a-ha/Stay on These Roads (Deluxe Edition)/Sail on My Love - Writing Session - a-ha.flac
2026-04-11 17:29:58  INFO       🗑️  a-ha/Stay on These Roads (Deluxe Edition)/Stay on These Roads - Extended Remix - a-ha.flac
2026-04-11 17:29:58  INFO       🗑️  a-ha/Stay on These Roads (Deluxe Edition)/The Blood That Moves the Body - Extended Remix - a-ha.flac
2026-04-11 17:29:58  INFO       🗑️  a-ha/Stay on These Roads (Deluxe Edition)/The Living Daylights - Extended Version - a-ha.flac
2026-04-11 17:29:58  INFO       🗑️  a-ha/Stay on These Roads (Deluxe Edition)/There's Never a Forever Thing - Acoustic Version - a-ha.flac
2026-04-11 17:29:58  INFO       🗑️  a-ha/Summer Moved On/Summer Moved On - Radio Edit - a-ha.flac
2026-04-11 17:29:58  INFO       🗑️  a-ha/Take On Me (2017 Acoustic)/Take On Me - 2017 Acoustic - a-ha.flac
2026-04-11 17:29:58  INFO       🗑️  a-ha/Take On Me (MTV Unplugged _ Edit)/Take On Me - MTV Unplugged Edit - a-ha.flac
2026-04-11 17:29:58  INFO       🗑️  a-ha/Take on Me (Kygo Remix)/Take on Me - Kygo Remix - a-ha, Kygo.flac
2026-04-11 17:29:58  INFO       🗑️  a-ha/The Living Daylights (MTV Unplugged _ Edit)/The Living Daylights - MTV Unplugged Edit - a-ha.flac
2026-04-11 17:29:58  INFO       🗑️  a-ha/The Singles_ 1984-2004/Hunting High and Low - Remix; 2004 Remaster - a-ha.flac
2026-04-11 17:29:58  INFO       🗑️  a-ha/The Singles_ 1984-2004/Minor Earth, Major Sky - Niven's Radio Edit; 2004 Remaster - a-ha.flac
2026-04-11 17:29:58  INFO       🗑️  a-ha/The Singles_ 1984-2004/Touchy! - Single Edit; 2004 Remaster - a-ha.flac
2026-04-11 17:29:58  INFO       🗑️  a-ha/The Singles_ 1984-2004/Train of Thought - Remix; 2004 Remaster - a-ha.flac
2026-04-11 17:29:58  INFO       🗑️  a-ha/The Sun Always Shines On TV (MTV Unplugged _ Edit)/The Sun Always Shines On TV - MTV Unplugged Edit - a-ha, Ingrid Helene Håvik.flac
2026-04-11 17:29:58  INFO       🗑️  a-ha/This Is Our Home (MTV Unplugged _ Edit)/This Is Our Home - MTV Unplugged Edit - a-ha.flac
2026-04-11 17:29:58  INFO       🗑️  a-ha/Time and Again_ The Ultimate a-ha/Lifelines - Boogieman Remix; 2016 Remaster - a-ha.flac
2026-04-11 17:29:58  INFO       🗑️  a-ha/Time and Again_ The Ultimate a-ha/Take on Me - Kygo Remix - a-ha.flac
2026-04-11 17:29:58  INFO       🗑️  a-ha/Time and Again_ The Ultimate a-ha/The Sun Always Shines on T.V. - Future Funk Squad's 'Radiant 4K' Remix - a-ha.flac
2026-04-11 17:29:58  INFO       🗑️  a-ha/Time and Again_ The Ultimate a-ha/You Are the One - Dub Mix Edit - a-ha.flac
2026-04-11 17:29:58  INFO       🗑️  a-ha/You Have What It Takes/You Have What It Takes - Radio Edit - a-ha.flac
2026-04-11 17:29:58  INFO       🗑️  wifiskeleton/i fucking hate fiona gallagher/i live another life as you are sleeping - wifiskeleton.flac
2026-04-11 17:29:58  INFO       🗑️  wifiskeleton/suburban daredevil/el sonata (an interlude for the parasitic) - wifiskeleton.flac
2026-04-11 17:29:58  INFO     ── Étape 2 : fusion des fichiers par tag ALBUM ──
2026-04-11 17:30:23  INFO     ── Étape 3 : suppression des dossiers vides ──
2026-04-11 17:30:23  INFO     🗑️  Dossier vide supprimé : /home/papaours/Musique/Trois Cafés Gourmands/De la fièvre et puis du feu (live)
2026-04-11 17:30:23  INFO     🗑️  Dossier vide supprimé : /home/papaours/Musique/Trois Cafés Gourmands/Tu le sais bien (Edit Radio)
2026-04-11 17:30:23  INFO     🗑️  Dossier vide supprimé : /home/papaours/Musique/Trois Cafés Gourmands/Un air de Live
2026-04-11 17:30:23  INFO     🗑️  Dossier vide supprimé : /home/papaours/Musique/a-ha/Take on Me (Kygo Remix)
2026-04-11 17:30:23  INFO     🗑️  Dossier vide supprimé : /home/papaours/Musique/a-ha/Lifelines (Remixes)
2026-04-11 17:30:23  INFO     🗑️  Dossier vide supprimé : /home/papaours/Musique/a-ha/How Can I Sleep With Your Voice In My Head
2026-04-11 17:30:23  INFO     🗑️  Dossier vide supprimé : /home/papaours/Musique/a-ha/The Living Daylights (MTV Unplugged _ Edit)
2026-04-11 17:30:23  INFO     🗑️  Dossier vide supprimé : /home/papaours/Musique/a-ha/The Sun Always Shines On TV (MTV Unplugged _ Edit)
2026-04-11 17:30:23  INFO     🗑️  Dossier vide supprimé : /home/papaours/Musique/a-ha/Take On Me (2017 Acoustic)
2026-04-11 17:30:23  INFO     🗑️  Dossier vide supprimé : /home/papaours/Musique/a-ha/MTV Unplugged - Summer Solstice
2026-04-11 17:30:23  INFO     🗑️  Dossier vide supprimé : /home/papaours/Musique/a-ha/Take On Me (MTV Unplugged _ Edit)
2026-04-11 17:30:23  INFO     🗑️  Dossier vide supprimé : /home/papaours/Musique/a-ha/This Is Our Home (MTV Unplugged _ Edit)
2026-04-11 17:30:23  INFO     🗑️  Dossier vide supprimé : /home/papaours/Musique/Bad Bunny/Volando (Remix)
2026-04-11 17:30:23  INFO     🗑️  Dossier vide supprimé : /home/papaours/Musique/Bad Bunny/Soy El Diablo (Remix)
2026-04-11 17:30:23  INFO     🗑️  Dossier vide supprimé : /home/papaours/Musique/Bad Bunny/Krippy Kush (feat. Travis Scott & Rvssian) [Travis Scott Remix]
2026-04-11 17:30:23  INFO     🗑️  Dossier vide supprimé : /home/papaours/Musique/Bad Bunny/AM Remix
2026-04-11 17:30:23  INFO     🗑️  Dossier vide supprimé : /home/papaours/Musique/Bad Bunny/Krippy Kush (feat. 21 Savage & Rvssian) [Remix]
2026-04-11 17:30:23  INFO     🗑️  Dossier vide supprimé : /home/papaours/Musique/Bad Bunny/Soltera (Remix)
2026-04-11 17:30:23  INFO     🗑️  Dossier vide supprimé : /home/papaours/Musique/Bad Bunny/LOYAL (feat. Drake and Bad Bunny) [Remix]
2026-04-11 17:30:23  INFO     🗑️  Dossier vide supprimé : /home/papaours/Musique/Bad Bunny/Báilame (Remix)
2026-04-11 17:30:23  INFO     🗑️  Dossier vide supprimé : /home/papaours/Musique/Bad Bunny/Yo Perreo Sola (Remix)
2026-04-11 17:30:23  INFO     🗑️  Dossier vide supprimé : /home/papaours/Musique/Bad Bunny/Amigos y Enemigos (Remix)
2026-04-11 17:30:23  INFO     🗑️  Dossier vide supprimé : /home/papaours/Musique/Bad Bunny/No Me Conoce (Remix)
2026-04-11 17:30:23  INFO     🗑️  Dossier vide supprimé : /home/papaours/Musique/Bad Bunny/Panamera (Remix)
2026-04-11 17:30:23  INFO     🗑️  Dossier vide supprimé : /home/papaours/Musique/Bad Bunny/Super Bowl LX Halftime Show (Live)
2026-04-11 17:30:23  INFO     🗑️  Dossier vide supprimé : /home/papaours/Musique/Lady Gaga/The Edge of Glory [(Arr. for Wind Ensemble by Matteo di Prospero) Live]
2026-04-11 17:30:23  INFO     🗑️  Dossier vide supprimé : /home/papaours/Musique/Lady Gaga/Rain On Me (Ralphi Rosario Remix)
2026-04-11 17:30:23  INFO     🗑️  Dossier vide supprimé : /home/papaours/Musique/Lady Gaga/Free Woman (Honey Dijon Realness Remix)
2026-04-11 17:30:23  INFO     🗑️  Dossier vide supprimé : /home/papaours/Musique/Lady Gaga/Abracadabra (Gesaffelstein Remix)
2026-04-11 17:30:23  INFO     🗑️  Dossier vide supprimé : /home/papaours/Musique/Lady Gaga/A Very Gaga Holiday
2026-04-11 17:30:23  INFO     🗑️  Dossier vide supprimé : /home/papaours/Musique/Lady Gaga/911 (Sofi Tukker Remix)
2026-04-11 17:30:23  INFO     🗑️  Dossier vide supprimé : /home/papaours/Musique/Lady Gaga/911 (WEISS Remix)
2026-04-11 17:30:23  INFO     🗑️  Dossier vide supprimé : /home/papaours/Musique/Lady Gaga/Applause (Remixes)
2026-04-11 17:30:23  INFO     🗑️  Dossier vide supprimé : /home/papaours/Musique/Lady Gaga/Rain On Me (Purple Disco Machine Remix)
2026-04-11 17:30:23  INFO     🗑️  Dossier vide supprimé : /home/papaours/Musique/Lady Gaga/Marry The Night (The Remixes)
2026-04-11 17:30:23  INFO     🗑️  Dossier vide supprimé : /home/papaours/Musique/Lady Gaga/Disease
2026-04-11 17:30:23  INFO     🗑️  Dossier vide supprimé : /home/papaours/Musique/Lady Gaga/911 (Bruno Martini Remix)
2026-04-11 17:30:23  INFO     🗑️  Dossier vide supprimé : /home/papaours/Musique/Eminem/Beautiful (International Version)
2026-04-11 17:30:23  INFO     🗑️  Dossier vide supprimé : /home/papaours/Musique/Eminem/We Made You (International Version)
2026-04-11 17:30:23  INFO     🗑️  Dossier vide supprimé : /home/papaours/Musique/Eminem/Chloraseptic (feat. 2 Chainz & Phresher) [Remix]
2026-04-11 17:30:23  INFO     🗑️  Dossier vide supprimé : /home/papaours/Musique/Eminem/Killer (feat. Jack Harlow & Cordae) [Remix]
2026-04-11 17:30:23  INFO     🗑️  Dossier vide supprimé : /home/papaours/Musique/Eminem/Live at Ford Field
2026-04-11 17:30:23  INFO     🗑️  Dossier vide supprimé : /home/papaours/Musique/Eminem/Nowhere Fast (Extended Version)
2026-04-11 17:30:23  INFO     🗑️  Dossier vide supprimé : /home/papaours/Musique/Eminem/Shake That (Radio Edit Version)
2026-04-11 17:30:23  INFO     🗑️  Dossier vide supprimé : /home/papaours/Musique/Coldplay/LeftRightLeftRightLeft (Live)
2026-04-11 17:30:23  INFO     🗑️  Dossier vide supprimé : /home/papaours/Musique/Coldplay/Let Somebody Go (Ofenbach Remix)
2026-04-11 17:30:23  INFO     🗑️  Dossier vide supprimé : /home/papaours/Musique/Coldplay/Live 2012
2026-04-11 17:30:23  INFO     🗑️  Dossier vide supprimé : /home/papaours/Musique/Coldplay/Charlie Brown (Dave Audé Remix)
2026-04-11 17:30:23  INFO     🗑️  Dossier vide supprimé : /home/papaours/Musique/Coldplay/Adventure of a Lifetime (Yotto Remix)
2026-04-11 17:30:23  INFO     🗑️  Dossier vide supprimé : /home/papaours/Musique/Coldplay/A L I E N S (Markus Dravs Remix)
2026-04-11 17:30:23  INFO     🗑️  Dossier vide supprimé : /home/papaours/Musique/Coldplay/Live in Buenos Aires
2026-04-11 17:30:23  INFO     🗑️  Dossier vide supprimé : /home/papaours/Musique/Coldplay/Adventure of a Lifetime (Matoma Remix)
2026-04-11 17:30:23  INFO     🗑️  Dossier vide supprimé : /home/papaours/Musique/Coldplay/Live 2003
2026-04-11 17:30:23  INFO     🗑️  Dossier vide supprimé : /home/papaours/Musique/Coldplay/My Universe (SUGA's Remix)
2026-04-11 17:30:23  INFO     🗑️  Dossier vide supprimé : /home/papaours/Musique/Coldplay/Higher Power (Alyx Ander Remix)
2026-04-11 17:30:23  INFO     🗑️  Dossier vide supprimé : /home/papaours/Musique/Coldplay/Orphans (Muzi Remix)
2026-04-11 17:30:23  INFO     🗑️  Dossier vide supprimé : /home/papaours/Musique/Coldplay/Midnight (Kygo Remix)
2026-04-11 17:30:23  INFO     🗑️  Dossier vide supprimé : /home/papaours/Musique/Coldplay/Have Yourself a Merry Little Christmas (Jo Whiley, BBC Radio 1 Session)
2026-04-11 17:30:23  INFO     🗑️  Dossier vide supprimé : /home/papaours/Musique/Coldplay/Ink (Live at Le Casino De Paris, Paris)
2026-04-11 17:30:23  INFO     🗑️  Dossier vide supprimé : /home/papaours/Musique/Coldplay/True Love (Davide Rossi Remix)
2026-04-11 17:30:23  INFO     🗑️  Dossier vide supprimé : /home/papaours/Musique/Coldplay/Something Just Like This (Remixes)
2026-04-11 17:30:23  INFO     🗑️  Dossier vide supprimé : /home/papaours/Musique/Coldplay/Hymn for the Weekend (Seeb Remix)
2026-04-11 17:30:23  INFO     🗑️  Dossier vide supprimé : /home/papaours/Musique/Coldplay/Ghost Stories Live 2014
2026-04-11 17:30:23  INFO     🗑️  Dossier vide supprimé : /home/papaours/Musique/Coldplay/My Universe (David Guetta Remix)
2026-04-11 17:30:23  INFO     🗑️  Dossier vide supprimé : /home/papaours/Musique/Coldplay/Up&Up (Freedo Remix)
2026-04-11 17:30:23  INFO     🗑️  Dossier vide supprimé : /home/papaours/Musique/Coldplay/Higher Power (ZHU Remix)
2026-04-11 17:30:23  INFO     🗑️  Dossier vide supprimé : /home/papaours/Musique/Coldplay/Higher Power (Tiësto Remix)
2026-04-11 17:30:23  INFO     🗑️  Dossier vide supprimé : /home/papaours/Musique/Coldplay/Midnight (Remixes)
2026-04-11 17:30:23  INFO     🗑️  Dossier vide supprimé : /home/papaours/Musique/Coldplay/Don't Panic
2026-04-11 17:30:23  INFO     🗑️  Dossier vide supprimé : /home/papaours/Musique/Coldplay/A Sky Full of Stars (Robin Schulz Remix)
2026-04-11 17:30:23  INFO     🗑️  Dossier vide supprimé : /home/papaours/Musique/Coldplay/A Sky Full of Stars (Hardwell Remix)
2026-04-11 17:30:23  INFO     🗑️  Dossier vide supprimé : /home/papaours/Musique/Coldplay/My Universe (Galantis Remix)
2026-04-11 17:30:23  INFO     🗑️  Dossier vide supprimé : /home/papaours/Musique/Coldplay/Champion Of The World (Live at NPR's Tiny Desk)
2026-04-11 17:30:23  INFO     🗑️  Dossier vide supprimé : /home/papaours/Musique/Coldplay/Higher Power (Acoustic Version)
2026-04-11 17:30:23  INFO     🗑️  Dossier vide supprimé : /home/papaours/Musique/Gorillaz/Ascension (feat. Vince Staples) [Nic Fanciulli Remix]
2026-04-11 17:30:23  INFO     🗑️  Dossier vide supprimé : /home/papaours/Musique/Gorillaz/Humility (feat. George Benson) [Remixes]
2026-04-11 17:30:23  INFO     🗑️  Dossier vide supprimé : /home/papaours/Musique/Gorillaz/Demon Days Live at the Manchester Opera House
2026-04-11 17:30:23  INFO     🗑️  Dossier vide supprimé : /home/papaours/Musique/Gorillaz/Let Me Out (feat. Mavis Staples & Pusha T) [Banx & Ranx Remix]
2026-04-11 17:30:23  INFO     🗑️  Dossier vide supprimé : /home/papaours/Musique/Gorillaz/Doncamatic (feat. Daley) [The Joker Remix]
2026-04-11 17:30:23  INFO     🗑️  Dossier vide supprimé : /home/papaours/Musique/Gorillaz/Saturnz Barz (feat. Popcaan, Assassin, Mad Cobra, Teddy Bruckshot & Killa P) [Cadenza Remix]
2026-04-11 17:30:23  INFO     🗑️  Dossier vide supprimé : /home/papaours/Musique/Gorillaz/Andromeda (feat. D.R.A.M.) [ZHU Remix]
2026-04-11 17:30:23  INFO     🗑️  Dossier vide supprimé : /home/papaours/Musique/Gorillaz/Strobelite (feat. Peven Everett) [Kaytranada Remix]
2026-04-11 17:30:23  INFO     🗑️  Dossier vide supprimé : /home/papaours/Musique/Gorillaz/Andromeda (feat. D.R.A.M.) [Purple Disco Machine Remix]
2026-04-11 17:30:23  INFO     🗑️  Dossier vide supprimé : /home/papaours/Musique/Gorillaz/Tranz (Poté Remix)
2026-04-11 17:30:23  INFO     🗑️  Dossier vide supprimé : /home/papaours/Musique/Gorillaz/Saturnz Barz (feat. Popcaan) [Banx & Ranx Remix]
2026-04-11 17:30:23  INFO     🗑️  Dossier vide supprimé : /home/papaours/Musique/Gorillaz/Feel Good Inc. (Instrumental)
2026-04-11 17:30:23  INFO     🗑️  Dossier vide supprimé : /home/papaours/Musique/Gorillaz/We Got the Power (feat. Jehnny Beth) [Claptone Remix]
2026-04-11 17:30:23  INFO     🗑️  Dossier vide supprimé : /home/papaours/Musique/Gorillaz/Busted and Blue (Yotto Remix)
2026-04-11 17:30:23  INFO     🗑️  Dossier vide supprimé : /home/papaours/Musique/Gorillaz/Andromeda (feat. D.R.A.M.) [Bonobo Remix]
2026-04-11 17:30:23  INFO     🗑️  Dossier vide supprimé : /home/papaours/Musique/Gorillaz/Saturnz Barz (feat. Popcaan) [Baauer Remix]
2026-04-11 17:30:23  INFO     🗑️  Dossier vide supprimé : /home/papaours/Musique/Bigflo & Oli/Dommage (Acoustic)
2026-04-11 17:30:23  INFO     🗑️  Dossier vide supprimé : /home/papaours/Musique/Bigflo & Oli/Mexico en Janvier (Youssoupha Remix)
2026-04-11 17:30:23  INFO     🗑️  Dossier vide supprimé : /home/papaours/Musique/Damso/Démons (live orchestral)
2026-04-11 17:30:23  INFO     🗑️  Dossier vide supprimé : /home/papaours/Musique/Sabrina Carpenter/WOW (feat. Sabrina Carpenter) [Remix]
2026-04-11 17:30:23  INFO     🗑️  Dossier vide supprimé : /home/papaours/Musique/Sabrina Carpenter/Alien (M-22 Remix)
2026-04-11 17:30:23  INFO     🗑️  Dossier vide supprimé : /home/papaours/Musique/Sabrina Carpenter/Thumbs (Acoustic)
2026-04-11 17:30:23  INFO     🗑️  Dossier vide supprimé : /home/papaours/Musique/Sabrina Carpenter/Why (Acoustic)
2026-04-11 17:30:23  INFO     🗑️  Dossier vide supprimé : /home/papaours/Musique/Sabrina Carpenter/On My Way (Da Tweekaz Remix)
2026-04-11 17:30:23  INFO     🗑️  Dossier vide supprimé : /home/papaours/Musique/Sabrina Carpenter/skinny dipping (Acoustic)
2026-04-11 17:30:23  INFO     🗑️  Dossier vide supprimé : /home/papaours/Musique/Sabrina Carpenter/Nonsense (Sped Up Version)
2026-04-11 17:30:23  INFO     🗑️  Dossier vide supprimé : /home/papaours/Musique/Sabrina Carpenter/First Love (Remixes)
2026-04-11 17:30:23  INFO     🗑️  Dossier vide supprimé : /home/papaours/Musique/Sabrina Carpenter/Take On the World (From “Girl Meets World”_Summer Remix)
2026-04-11 17:30:23  INFO     🗑️  Dossier vide supprimé : /home/papaours/Musique/Sabrina Carpenter/Alien (Acoustic)
2026-04-11 17:30:23  INFO     🗑️  Dossier vide supprimé : /home/papaours/Musique/Sabrina Carpenter/Nonsense (Remix)
2026-04-11 17:30:23  INFO     🗑️  Dossier vide supprimé : /home/papaours/Musique/Sabrina Carpenter/Skin (Quarterhead Remix)
2026-04-11 17:30:23  INFO     🗑️  Dossier vide supprimé : /home/papaours/Musique/Sabrina Carpenter/Alien (Dark Heart Remix)
2026-04-11 17:30:23  INFO     🗑️  Dossier vide supprimé : /home/papaours/Musique/Sabrina Carpenter/Espresso (Working Late Remixes)
2026-04-11 17:30:23  INFO     🗑️  Dossier vide supprimé : /home/papaours/Musique/Sabrina Carpenter/Sue Me (A Cappella)
2026-04-11 17:30:23  INFO     🗑️  Dossier vide supprimé : /home/papaours/Musique/Sabrina Carpenter/Please Please Please
2026-04-11 17:30:23  INFO     🗑️  Dossier vide supprimé : /home/papaours/Musique/Indila/Love Story - Indila Remix
2026-04-11 17:30:23  INFO     🗑️  Dossier vide supprimé : /home/papaours/Musique/Indila/Spotify Session
2026-04-11 17:30:23  INFO     🗑️  Dossier vide supprimé : /home/papaours/Musique/Zaz/On s'en remet jamais (Yidam Remix)
2026-04-11 17:30:23  INFO     🗑️  Dossier vide supprimé : /home/papaours/Musique/Zaz/Sur la route du Japon
2026-04-11 17:30:23  INFO     🗑️  Dossier vide supprimé : /home/papaours/Musique/Zaz/Sur la route
2026-04-11 17:30:23  INFO     🗑️  Dossier vide supprimé : /home/papaours/Musique/Zaz/Si (Radio Edit)
2026-04-11 17:30:23  INFO     🗑️  Dossier vide supprimé : /home/papaours/Musique/Zaz/Sans Tsu-Tsou
2026-04-11 17:30:23  INFO     🗑️  Dossier vide supprimé : /home/papaours/Musique/The Weeknd/Reminder (Remix)
2026-04-11 17:30:23  INFO     🗑️  Dossier vide supprimé : /home/papaours/Musique/The Weeknd/Wanderlust
2026-04-11 17:30:23  INFO     🗑️  Dossier vide supprimé : /home/papaours/Musique/The Weeknd/How Do I Make You Love Me_ (Sebastian Ingrosso & Salvatore Ganacci Remix)
2026-04-11 17:30:23  INFO     🗑️  Dossier vide supprimé : /home/papaours/Musique/The Weeknd/The Hills Remixes
2026-04-11 17:30:23  INFO     🗑️  Dossier vide supprimé : /home/papaours/Musique/The Weeknd/Often (Kygo Remix)
2026-04-11 17:30:23  INFO     🗑️  Dossier vide supprimé : /home/papaours/Musique/The Weeknd/Die For You (Remix)
2026-04-11 17:30:23  INFO     🗑️  Dossier vide supprimé : /home/papaours/Musique/The Weeknd/Live At SoFi Stadium
2026-04-11 17:30:23  INFO     🗑️  Dossier vide supprimé : /home/papaours/Musique/The Weeknd/Moth To A Flame
2026-04-11 17:30:23  INFO     🗑️  Dossier vide supprimé : /home/papaours/Musique/The Weeknd/Or Nah (feat. The Weeknd, Wiz Khalifa & DJ Mustard) [Remix]
2026-04-11 17:30:23  INFO     🗑️  Dossier vide supprimé : /home/papaours/Musique/The Weeknd/Save Your Tears (Remix)
2026-04-11 17:30:23  INFO     🗑️  Dossier vide supprimé : /home/papaours/Musique/The Weeknd/Wanderlust (Remixes)
2026-04-11 17:30:23  INFO     🗑️  Dossier vide supprimé : /home/papaours/Musique/The Weeknd/Blinding Lights (Remix)
2026-04-11 17:30:23  INFO     🗑️  Dossier vide supprimé : /home/papaours/Musique/The Weeknd/Starboy (Kygo Remix)
2026-04-11 17:30:23  INFO     🗑️  Dossier vide supprimé : /home/papaours/Musique/The Weeknd/In Your Eyes (Remix)
2026-04-11 17:30:23  INFO     🗑️  Dossier vide supprimé : /home/papaours/Musique/The Weeknd/Blinding Lights
2026-04-11 17:30:23  INFO     🗑️  Dossier vide supprimé : /home/papaours/Musique/The Weeknd/Love Me Harder
2026-04-11 17:30:23  INFO     🗑️  Dossier vide supprimé : /home/papaours/Musique/The Weeknd/Starry Eyes (MIKE DEAN Remix)
2026-04-11 17:30:23  INFO     🗑️  Dossier vide supprimé : /home/papaours/Musique/The Weeknd/Can't Feel My Face (Martin Garrix Remix)
2026-04-11 17:30:23  INFO     🗑️  Dossier vide supprimé : /home/papaours/Musique/The Weeknd/Hawái (Remix)
2026-04-11 17:30:23  INFO     🗑️  Dossier vide supprimé : /home/papaours/Musique/The Weeknd/Dancing In The Flames (Live from São Paulo)
2026-04-11 17:30:23  INFO     🗑️  Dossier vide supprimé : /home/papaours/Musique/The Weeknd/Dawn FM (OPN Remix)
2026-04-11 17:30:23  INFO     🗑️  Dossier vide supprimé : /home/papaours/Musique/The Weeknd/After Hours (Remixes)
2026-04-11 17:30:23  INFO     🗑️  Dossier vide supprimé : /home/papaours/Musique/The Weeknd/Popular
2026-04-11 17:30:23  INFO     🗑️  Dossier vide supprimé : /home/papaours/Musique/The Weeknd/Best Friends (Remix)
2026-04-11 17:30:23  INFO     🗑️  Dossier vide supprimé : /home/papaours/Musique/The Weeknd/Out Of Time (Remix Bundle)
2026-04-11 17:30:23  INFO     🗑️  Dossier vide supprimé : /home/papaours/Musique/The Weeknd/Moth To A Flame (Moojo Remix)
2026-04-11 17:30:23  INFO     🗑️  Dossier vide supprimé : /home/papaours/Musique/The Weeknd/The Hills (RL Grime Remix)
2026-04-11 17:30:23  INFO     🗑️  Dossier vide supprimé : /home/papaours/Musique/The Weeknd/Die For You
2026-04-11 17:30:23  INFO     🗑️  Dossier vide supprimé : /home/papaours/Musique/The Weeknd/Take My Breath
2026-04-11 17:30:23  INFO     🗑️  Dossier vide supprimé : /home/papaours/Musique/Vanessa Paradis/Live (2024 Remaster - 30th Anniversary Deluxe Edition)
2026-04-11 17:30:23  INFO     🗑️  Dossier vide supprimé : /home/papaours/Musique/Vanessa Paradis/Au Zenith
2026-04-11 17:30:23  INFO     🗑️  Dossier vide supprimé : /home/papaours/Musique/Vanessa Paradis/Divinidylle Tour (Live)
2026-04-11 17:30:23  INFO     🗑️  Dossier vide supprimé : /home/papaours/Musique/Vanessa Paradis/Tirer la nuit sur les étoiles (Yan Wagner Remix)
2026-04-11 17:30:23  INFO     🗑️  Dossier vide supprimé : /home/papaours/Musique/The Mamas & The Papas/Dedicated To The One I Love (Silo x Bettina Bergström Remix)
2026-04-11 17:30:23  INFO     🗑️  Dossier vide supprimé : /home/papaours/Musique/The Mamas & The Papas/Monday, Monday (Live On The Ed Sullivan Show, September 24, 1967)
2026-04-11 17:30:23  INFO     🗑️  Dossier vide supprimé : /home/papaours/Musique/The Mamas & The Papas/California Dreamin' (Live On The Ed Sullivan Show, September 24, 1967)
2026-04-11 17:30:23  INFO     🗑️  Dossier vide supprimé : /home/papaours/Musique/The Mamas & The Papas/Monday, Monday (Live On The Ed Sullivan Show, December 11, 1966)
2026-04-11 17:30:23  INFO     🗑️  Dossier vide supprimé : /home/papaours/Musique/The Mamas & The Papas/Creeque Alley (Live On The Ed Sullivan Show, June 11, 1967)
2026-04-11 17:30:23  INFO     🗑️  Dossier vide supprimé : /home/papaours/Musique/The Mamas & The Papas/Dedicated To The One I Love (Live On The Ed Sullivan Show, June 11, 1967)
2026-04-11 17:30:23  INFO     🗑️  Dossier vide supprimé : /home/papaours/Musique/The Mamas & The Papas/Dedicated To The One I Love (Glen Nicholls Remix)
2026-04-11 17:30:23  INFO     🗑️  Dossier vide supprimé : /home/papaours/Musique/The Mamas & The Papas/Live at the Monterey International Pop Festival
2026-04-11 17:30:23  INFO     🗑️  Dossier vide supprimé : /home/papaours/Musique/The Mamas & The Papas/California Dreamin' (Live On The Ed Sullivan Show, December 11, 1966)
2026-04-11 17:30:23  INFO     🗑️  Dossier vide supprimé : /home/papaours/Musique/The Mamas & The Papas/Twelve Thirty (Live On The Ed Sullivan Show, June 22, 1968)
2026-04-11 17:30:23  INFO     🗑️  Dossier vide supprimé : /home/papaours/Musique/The Mamas & The Papas/I Call Your Name (Live On The Ed Sullivan Show, September 24, 1967)
2026-04-11 17:30:23  INFO     🗑️  Dossier vide supprimé : /home/papaours/Musique/The Mamas & The Papas/Words Of Love (Live On The Ed Sullivan Show, December 11, 1966)
2026-04-11 17:30:23  INFO     🗑️  Dossier vide supprimé : /home/papaours/Musique/Sophie Hunger/The Rules of Fire (Live)
2026-04-11 17:30:23  INFO     🗑️  Dossier vide supprimé : /home/papaours/Musique/XXXTENTACION/Teeth (Interlude)
2026-04-11 17:30:23  INFO     🗑️  Dossier vide supprimé : /home/papaours/Musique/XXXTENTACION/revenge (slowed & reverb)
2026-04-11 17:30:23  INFO     🗑️  Dossier vide supprimé : /home/papaours/Musique/XXXTENTACION/whoa (mind in awe) [Remix]
2026-04-11 17:30:23  INFO     🗑️  Dossier vide supprimé : /home/papaours/Musique/XXXTENTACION/Falling Down (Travis Barker Remix)
2026-04-11 17:30:23  INFO     🗑️  Dossier vide supprimé : /home/papaours/Musique/Twenty One Pilots/Overcompensate
2026-04-11 17:30:23  INFO     🗑️  Dossier vide supprimé : /home/papaours/Musique/Twenty One Pilots/Level of Concern (live from outside)
2026-04-11 17:30:23  INFO     🗑️  Dossier vide supprimé : /home/papaours/Musique/Twenty One Pilots/MTV Unplugged (Live)
2026-04-11 17:30:23  INFO     🗑️  Dossier vide supprimé : /home/papaours/Musique/Ariana Grande/eternal sunshine deluxe_ brighter days ahead (instrumental version)
2026-04-11 17:30:23  INFO     🗑️  Dossier vide supprimé : /home/papaours/Musique/Ariana Grande/7 rings (Remix)
2026-04-11 17:30:23  INFO     🗑️  Dossier vide supprimé : /home/papaours/Musique/Ariana Grande/the boy is mine
2026-04-11 17:30:23  INFO     🗑️  Dossier vide supprimé : /home/papaours/Musique/Ariana Grande/Bang Bang (Remixes)
2026-04-11 17:30:23  INFO     🗑️  Dossier vide supprimé : /home/papaours/Musique/Ariana Grande/Into You (3LAU Remix)
2026-04-11 17:30:23  INFO     🗑️  Dossier vide supprimé : /home/papaours/Musique/Ariana Grande/eternal sunshine deluxe_ brighter days ahead (a cappella version)
2026-04-11 17:30:23  INFO     🗑️  Dossier vide supprimé : /home/papaours/Musique/Ariana Grande/k bye for now (swt live)
2026-04-11 17:30:23  INFO     🗑️  Dossier vide supprimé : /home/papaours/Musique/Ariana Grande/yes, and_
2026-04-11 17:30:23  INFO     🗑️  Dossier vide supprimé : /home/papaours/Musique/Ariana Grande/Side To Side (Remixes)
2026-04-11 17:30:23  INFO     🗑️  Dossier vide supprimé : /home/papaours/Musique/Ariana Grande/eternal sunshine (slightly deluxe and also live)
2026-04-11 17:30:23  INFO     🗑️  Dossier vide supprimé : /home/papaours/Musique/Ariana Grande/Somewhere Over The Rainbow (Live From Manchester)
2026-04-11 17:30:23  INFO     🗑️  Dossier vide supprimé : /home/papaours/Musique/Ariana Grande/Bang Bang
2026-04-11 17:30:23  INFO     🗑️  Dossier vide supprimé : /home/papaours/Musique/Ariana Grande/Problem
2026-04-11 17:30:23  INFO     🗑️  Dossier vide supprimé : /home/papaours/Musique/Ariana Grande/Positions (Vevo Official Live Performances)
2026-04-11 17:30:23  INFO     🗑️  Dossier vide supprimé : /home/papaours/Musique/Ariana Grande/Wicked_ One Wonderful Night (Live) – The Soundtrack
2026-04-11 17:30:23  INFO     🗑️  Dossier vide supprimé : /home/papaours/Musique/Ariana Grande/34+35 (Remix)
2026-04-11 17:30:23  INFO     🗑️  Dossier vide supprimé : /home/papaours/Musique/Ariana Grande/Into You (Alex Ghenea Remix)
2026-04-11 17:30:23  INFO     🗑️  Dossier vide supprimé : /home/papaours/Musique/Ariana Grande/we can't be friends (wait for your love) [acoustic (live from jungle city studios)]
2026-04-11 17:30:23  INFO     🗑️  Dossier vide supprimé : /home/papaours/Musique/Ariana Grande/Break Free
2026-04-11 17:30:23  INFO     🗑️  Dossier vide supprimé : /home/papaours/Musique/Ariana Grande/Wicked_ The Soundtrack
2026-04-11 17:30:23  INFO     🗑️  Dossier vide supprimé : /home/papaours/Musique/Ariana Grande/One Last Time
2026-04-11 17:30:23  INFO     🗑️  Dossier vide supprimé : /home/papaours/Musique/Imagine Dragons/Gold (Jorgen Odegard Remix)
2026-04-11 17:30:23  INFO     🗑️  Dossier vide supprimé : /home/papaours/Musique/Imagine Dragons/Whatever It Takes (Jorgen Odegard Remix)
2026-04-11 17:30:23  INFO     🗑️  Dossier vide supprimé : /home/papaours/Musique/Imagine Dragons/I Bet My Life (Remixes)
2026-04-11 17:30:23  INFO     🗑️  Dossier vide supprimé : /home/papaours/Musique/Imagine Dragons/Imagine Dragons (Spotify Sessions)
2026-04-11 17:30:23  INFO     🗑️  Dossier vide supprimé : /home/papaours/Musique/Imagine Dragons/Live At AllSaints Studios
2026-04-11 17:30:23  INFO     🗑️  Dossier vide supprimé : /home/papaours/Musique/Imagine Dragons/Stars Will Align (Zerb Remix)
2026-04-11 17:30:23  INFO     🗑️  Dossier vide supprimé : /home/papaours/Musique/Imagine Dragons/Imagine Dragons Live in Vegas
2026-04-11 17:30:23  INFO     🗑️  Dossier vide supprimé : /home/papaours/Musique/Imagine Dragons/Bones (twocolors Remix)
2026-04-11 17:30:23  INFO     🗑️  Dossier vide supprimé : /home/papaours/Musique/Imagine Dragons/Smoke + Mirrors Live (Live At The Air Canada Centre)
2026-04-11 17:30:23  INFO     🗑️  Dossier vide supprimé : /home/papaours/Musique/Imagine Dragons/I Bet My Life (Riot Games Remix)
2026-04-11 17:30:23  INFO     🗑️  Dossier vide supprimé : /home/papaours/Musique/Imagine Dragons/Believer (Kaskade Remix)
2026-04-11 17:30:23  INFO     🗑️  Dossier vide supprimé : /home/papaours/Musique/Imagine Dragons/Shots (The Funk Hunters Remix)
2026-04-11 17:30:23  INFO     🗑️  Dossier vide supprimé : /home/papaours/Musique/Imagine Dragons/Whatever It Takes (Miss Congeniality Remix)
2026-04-11 17:30:23  INFO     🗑️  Dossier vide supprimé : /home/papaours/Musique/Imagine Dragons/Shots EP
2026-04-11 17:30:23  INFO     🗑️  Dossier vide supprimé : /home/papaours/Musique/Imagine Dragons/Thunder (With K.Flay) [Official Remix]
2026-04-11 17:30:23  INFO     🗑️  Dossier vide supprimé : /home/papaours/Musique/Taylor Swift/ME! (Live From Paris)
2026-04-11 17:30:23  INFO     🗑️  Dossier vide supprimé : /home/papaours/Musique/Taylor Swift/Fortnight (Acoustic Version)
2026-04-11 17:30:23  INFO     🗑️  Dossier vide supprimé : /home/papaours/Musique/Taylor Swift/willow (90's trend remix)
2026-04-11 17:30:23  INFO     🗑️  Dossier vide supprimé : /home/papaours/Musique/Taylor Swift/Opalite (BUNT. Remix)
2026-04-11 17:30:23  INFO     🗑️  Dossier vide supprimé : /home/papaours/Musique/Taylor Swift/Lover (Live From Paris)
2026-04-11 17:30:23  INFO     🗑️  Dossier vide supprimé : /home/papaours/Musique/Taylor Swift/The Fate of Ophelia (The Chainsmokers Remix)
2026-04-11 17:30:23  INFO     🗑️  Dossier vide supprimé : /home/papaours/Musique/Taylor Swift/Opalite (Chris Lake Remix)
2026-04-11 17:30:23  INFO     🗑️  Dossier vide supprimé : /home/papaours/Musique/Taylor Swift/Lover (Remix) [feat. Shawn Mendes]
2026-04-11 17:30:23  INFO     🗑️  Dossier vide supprimé : /home/papaours/Musique/Taylor Swift/Lover (First Dance Remix)
2026-04-11 17:30:23  INFO     🗑️  Dossier vide supprimé : /home/papaours/Musique/Taylor Swift/You're Not Sorry (CSI Remix)
2026-04-11 17:30:23  INFO     🗑️  Dossier vide supprimé : /home/papaours/Musique/Taylor Swift/Ready For It_ (BloodPop® Remix)
2026-04-11 17:30:23  INFO     🗑️  Dossier vide supprimé : /home/papaours/Musique/Taylor Swift/Love Story (Taylor's Version) [Elvira Remix]
2026-04-11 17:30:23  INFO     🗑️  Dossier vide supprimé : /home/papaours/Musique/Taylor Swift/Delicate (Seeb Remix)
2026-04-11 17:30:23  INFO     🗑️  Dossier vide supprimé : /home/papaours/Musique/Taylor Swift/Fortnight (feat. Post Malone) [BLOND_ISH Remix]
2026-04-11 17:30:23  INFO     🗑️  Dossier vide supprimé : /home/papaours/Musique/Taylor Swift/Cornelia Street (Live From Paris)
2026-04-11 17:30:23  INFO     🗑️  Dossier vide supprimé : /home/papaours/Musique/Taylor Swift/Anti-Hero (Acoustic Version)
2026-04-11 17:30:23  INFO     🗑️  Dossier vide supprimé : /home/papaours/Musique/Taylor Swift/The Fate of Ophelia (Loud Luxury Remix)
2026-04-11 17:30:23  INFO     🗑️  Dossier vide supprimé : /home/papaours/Musique/Taylor Swift/I Can Do It With a Broken Heart (Dombresky Remix)
2026-04-11 17:30:23  INFO     🗑️  Dossier vide supprimé : /home/papaours/Musique/Taylor Swift/Taylor Swift Karaoke_ reputation
2026-04-11 17:30:23  INFO     🗑️  Dossier vide supprimé : /home/papaours/Musique/Taylor Swift/Speak Now World Tour Live
2026-04-11 17:30:23  INFO     🗑️  Dossier vide supprimé : /home/papaours/Musique/Taylor Swift/Death By A Thousand Cuts (Live From Paris)
2026-04-11 17:30:23  INFO     🗑️  Dossier vide supprimé : /home/papaours/Musique/Taylor Swift/The Archer (Live From Paris)
2026-04-11 17:30:23  INFO     🗑️  Dossier vide supprimé : /home/papaours/Musique/Taylor Swift/You Need To Calm Down (Live From Paris)
2026-04-11 17:30:23  INFO     🗑️  Dossier vide supprimé : /home/papaours/Musique/Taylor Swift/The Man (Live From Paris)
2026-04-11 17:30:23  INFO     🗑️  Dossier vide supprimé : /home/papaours/Musique/Taylor Swift/You Need To Calm Down (Clean Bandit Remix)
2026-04-11 17:30:23  INFO     🗑️  Dossier vide supprimé : /home/papaours/Musique/Taylor Swift/Lavender Haze (Acoustic Version)
2026-04-11 17:30:23  INFO     🗑️  Dossier vide supprimé : /home/papaours/Musique/Taylor Swift/Daylight (Live From Paris)
2026-04-11 17:30:23  INFO     🗑️  Dossier vide supprimé : /home/papaours/Musique/Taylor Swift/Live From Clear Channel Stripped 2008
2026-04-11 17:30:23  INFO     🗑️  Dossier vide supprimé : /home/papaours/Musique/Taylor Swift/betty (Live from the 2020 Academy of Country Music Awards)
2026-04-11 17:30:23  INFO     🗑️  Dossier vide supprimé : /home/papaours/Musique/Taylor Swift/Lavender Haze (Felix Jaehn Remix)
2026-04-11 17:30:23  INFO     🗑️  Dossier vide supprimé : /home/papaours/Musique/Taylor Swift/Opalite (Ely Oaks Remix)
2026-04-11 17:30:23  INFO     🗑️  Dossier vide supprimé : /home/papaours/Musique/Taylor Swift/Love Story (Digital Dog Remix)
2026-04-11 17:30:23  INFO     🗑️  Dossier vide supprimé : /home/papaours/Musique/Taylor Swift/Lavender Haze (Remixes)
2026-04-11 17:30:23  INFO     🗑️  Dossier vide supprimé : /home/papaours/Musique/Taylor Swift/Wildest Dreams (R3hab Remix)
2026-04-11 17:30:23  INFO     🗑️  Dossier vide supprimé : /home/papaours/Musique/Taylor Swift/Opalite (Skream Remix)
2026-04-11 17:30:23  INFO     🗑️  Dossier vide supprimé : /home/papaours/Musique/Taylor Swift/Anti-Hero (ILLENIUM Remix)
2026-04-11 17:30:23  INFO     🗑️  Dossier vide supprimé : /home/papaours/Musique/Bruno Mars/That's What I Like (Alan Walker Remix)
2026-04-11 17:30:23  INFO     🗑️  Dossier vide supprimé : /home/papaours/Musique/Bruno Mars/The Grenade Sessions
2026-04-11 17:30:23  INFO     🗑️  Dossier vide supprimé : /home/papaours/Musique/Bruno Mars/Finesse (Remix) [feat. Cardi B]
2026-04-11 17:30:23  INFO     🗑️  Dossier vide supprimé : /home/papaours/Musique/Bruno Mars/Die With A Smile (Acoustic)
2026-04-11 17:30:23  INFO     🗑️  Dossier vide supprimé : /home/papaours/Musique/Bruno Mars/24K Magic (R3hab Remix)
2026-04-11 17:30:23  INFO     🗑️  Dossier vide supprimé : /home/papaours/Musique/Bruno Mars/That's What I Like (BLVK JVCK Remix)
2026-04-11 17:30:23  INFO     🗑️  Dossier vide supprimé : /home/papaours/Musique/Bruno Mars/Leave The Door Open (Live)
2026-04-11 17:30:23  INFO     🗑️  Dossier vide supprimé : /home/papaours/Musique/Bruno Mars/Die With A Smile (Live in Las Vegas)
2026-04-11 17:30:23  INFO     🗑️  Dossier vide supprimé : /home/papaours/Musique/Bruno Mars/Doo-Wops & Hooligans (Deluxe)
2026-04-11 17:30:23  INFO     🗑️  Dossier vide supprimé : /home/papaours/Musique/Bruno Mars/I Just Might (Austin Millz Remix)
2026-04-11 17:30:23  INFO     🗑️  Dossier vide supprimé : /home/papaours/Musique/Bruno Mars/That's What I Like (PARTYNEXTDOOR Remix)
2026-04-11 17:30:23  INFO     🗑️  Dossier vide supprimé : /home/papaours/Musique/Bruno Mars/Uptown Funk (feat. Bruno Mars) [Trinidad James Remix]
2026-04-11 17:30:23  INFO     🗑️  Dossier vide supprimé : /home/papaours/Musique/Angèle/Fever (Myd Remix)
2026-04-11 17:30:23  INFO     🗑️  Dossier vide supprimé : /home/papaours/Musique/Angèle/Fever (Feder Remix)
2026-04-11 17:30:23  INFO     🗑️  Dossier vide supprimé : /home/papaours/Musique/Angèle/Fever (Vantage Remix)
2026-04-11 17:30:23  INFO     🗑️  Dossier vide supprimé : /home/papaours/Musique/Angèle/Fever (Oklou Remix)
2026-04-11 17:30:23  INFO     🗑️  Dossier vide supprimé : /home/papaours/Musique/Justin Bieber/Boyfriend (Dada Life Remix)
2026-04-11 17:30:23  INFO     🗑️  Dossier vide supprimé : /home/papaours/Musique/Justin Bieber/Peaches (Remix)
2026-04-11 17:30:23  INFO     🗑️  Dossier vide supprimé : /home/papaours/Musique/Justin Bieber/I Don't Care (with Justin Bieber) [Jonas Blue Remix]
2026-04-11 17:30:23  INFO     🗑️  Dossier vide supprimé : /home/papaours/Musique/Justin Bieber/I Don't Care (with Justin Bieber) [Loud Luxury Remix]
2026-04-11 17:30:23  INFO     🗑️  Dossier vide supprimé : /home/papaours/Musique/Justin Bieber/Mood (Remix) feat. Justin Bieber, J Balvin & iann dior
2026-04-11 17:30:23  INFO     🗑️  Dossier vide supprimé : /home/papaours/Musique/Justin Bieber/Lonely (with benny blanco) [Main + Acoustic]
2026-04-11 17:30:23  INFO     🗑️  Dossier vide supprimé : /home/papaours/Musique/Justin Bieber/Peaches (Masterkraft Remix)
2026-04-11 17:30:23  INFO     🗑️  Dossier vide supprimé : /home/papaours/Musique/Justin Bieber/Intentions (Acoustic)
2026-04-11 17:30:23  INFO     🗑️  Dossier vide supprimé : /home/papaours/Musique/Justin Bieber/Sorry (Latino Remix)
2026-04-11 17:30:23  INFO     🗑️  Dossier vide supprimé : /home/papaours/Musique/Justin Bieber/Yummy (Country Remix)
2026-04-11 17:30:23  INFO     🗑️  Dossier vide supprimé : /home/papaours/Musique/Justin Bieber/Holy (Acoustic)
2026-04-11 17:30:23  INFO     🗑️  Dossier vide supprimé : /home/papaours/Musique/Justin Bieber/Snooze (Acoustic) (feat. Justin Bieber)
2026-04-11 17:30:23  INFO     🗑️  Dossier vide supprimé : /home/papaours/Musique/Tame Impala/Turn Up The Sunshine (PNAU Remix _ From 'Minions_ The Rise of Gru' Soundtrack)
2026-04-11 17:30:23  INFO     🗑️  Dossier vide supprimé : /home/papaours/Musique/Tame Impala/Live Versions
2026-04-11 17:30:23  INFO     🗑️  Dossier vide supprimé : /home/papaours/Musique/Tame Impala/Guilty Conscience (Tame Impala Remix)
2026-04-11 17:30:23  INFO     🗑️  Dossier vide supprimé : /home/papaours/Musique/Tame Impala/Neverender (Kaytranada Remix)
2026-04-11 17:30:23  INFO     🗑️  Dossier vide supprimé : /home/papaours/Musique/Drake/Wanna Know Remix (feat. Drake)
2026-04-11 17:30:23  INFO     🗑️  Dossier vide supprimé : /home/papaours/Musique/Drake/My Love (feat. Drake) [Remix]
2026-04-11 17:30:23  INFO     🗑️  Dossier vide supprimé : /home/papaours/Musique/Drake/MELTDOWN (feat. Drake) [Instrumental]
2026-04-11 17:30:23  INFO     🗑️  Dossier vide supprimé : /home/papaours/Musique/Drake/Behind Barz (Bonus)
2026-04-11 17:30:23  INFO     🗑️  Dossier vide supprimé : /home/papaours/Musique/Drake/act ii_ date @ 8 (feat. Drake) [remix]
2026-04-11 17:30:23  INFO     🗑️  Dossier vide supprimé : /home/papaours/Musique/Drake/Ela É do Tipo (feat. Drake) [Remix]
2026-04-11 17:30:23  INFO     🗑️  Dossier vide supprimé : /home/papaours/Musique/Drake/For All The Dogs Scary Hours Edition (Instrumental)
2026-04-11 17:30:23  INFO     🗑️  Dossier vide supprimé : /home/papaours/Musique/Arctic Monkeys/Arabella (Live At The Royal Albert Hall)
2026-04-11 17:30:23  INFO     🗑️  Dossier vide supprimé : /home/papaours/Musique/Arctic Monkeys/Live at the Royal Albert Hall
2026-04-11 17:30:23  INFO     🗑️  Dossier vide supprimé : /home/papaours/Musique/Crystal Castles/(II)
2026-04-11 17:30:23  INFO     🗑️  Dossier vide supprimé : /home/papaours/Musique/Crystal Castles/Crimewave
2026-04-11 17:30:23  INFO     🗑️  Dossier vide supprimé : /home/papaours/Musique/Stromae/papaoutai
2026-04-11 17:30:23  INFO     🗑️  Dossier vide supprimé : /home/papaours/Musique/Stromae/Anderlecht Champion (Stromae Remix)
2026-04-11 17:30:23  INFO     🗑️  Dossier vide supprimé : /home/papaours/Musique/Stromae/Up Saw Liz - Remix
2026-04-11 17:30:23  INFO     🗑️  Dossier vide supprimé : /home/papaours/Musique/Rihanna/Needed Me (Dance Remix)
2026-04-11 17:30:23  INFO     🗑️  Dossier vide supprimé : /home/papaours/Musique/Rihanna/SOS
2026-04-11 17:30:23  INFO     🗑️  Dossier vide supprimé : /home/papaours/Musique/Rihanna/Diamonds (Remix)
2026-04-11 17:30:23  INFO     🗑️  Dossier vide supprimé : /home/papaours/Musique/Rihanna/Lift Me Up (From Black Panther_ Wakanda Forever - Music From and Inspired By)
2026-04-11 17:30:23  INFO     🗑️  Dossier vide supprimé : /home/papaours/Musique/Rihanna/Princess of China (Andre Sobota Remix)
2026-04-11 17:30:23  INFO     🗑️  Dossier vide supprimé : /home/papaours/Musique/Rihanna/If It's Lovin' That You Want (Remix)
2026-04-11 17:30:23  INFO     🗑️  Dossier vide supprimé : /home/papaours/Musique/Rihanna/Only Girl (In The World)
2026-04-11 17:30:23  INFO     🗑️  Dossier vide supprimé : /home/papaours/Musique/Rihanna/SOS [Future Retro (edit)]
2026-04-11 17:30:23  INFO     🗑️  Dossier vide supprimé : /home/papaours/Musique/Rihanna/Pose (Dance Remixes)
2026-04-11 17:30:23  INFO     🗑️  Dossier vide supprimé : /home/papaours/Musique/Rihanna/Lemon (Edit)
2026-04-11 17:30:23  INFO     🗑️  Dossier vide supprimé : /home/papaours/Musique/Rihanna/Where Have You Been (The Calvin Harris Extended Remix)
2026-04-11 17:30:23  INFO     🗑️  Dossier vide supprimé : /home/papaours/Musique/Rihanna/This Is What You Came For (Remixes)
2026-04-11 17:30:23  INFO     🗑️  Dossier vide supprimé : /home/papaours/Musique/Rihanna/Umbrella
2026-04-11 17:30:23  INFO     🗑️  Dossier vide supprimé : /home/papaours/Musique/Rihanna/Redemption Song [For Haiti Relief (Live From Oprah)]
2026-04-11 17:30:23  INFO     🗑️  Dossier vide supprimé : /home/papaours/Musique/Rihanna/Bitch Better Have My Money (R3hab Remix)
2026-04-11 17:30:23  INFO     🗑️  Dossier vide supprimé : /home/papaours/Musique/Rihanna/SOS (Glam Club Mix)
2026-04-11 17:30:23  INFO     🗑️  Dossier vide supprimé : /home/papaours/Musique/Rihanna/Hate That I Love You (K-Klassic Remix)
2026-04-11 17:30:23  INFO     🗑️  Dossier vide supprimé : /home/papaours/Musique/Rihanna/SOS [Nevins Electrotek (Club)]
2026-04-11 17:30:23  INFO     🗑️  Dossier vide supprimé : /home/papaours/Musique/Rihanna/Desperado (Dance Remixes)
2026-04-11 17:30:23  INFO     🗑️  Dossier vide supprimé : /home/papaours/Musique/Rihanna/SOS [Electrotek (edit)]
2026-04-11 17:30:23  INFO     🗑️  Dossier vide supprimé : /home/papaours/Musique/Rihanna/Cockiness (Love It) Remix [Explicit Version]
2026-04-11 17:30:23  INFO     🗑️  Dossier vide supprimé : /home/papaours/Musique/Rihanna/S&M Remix
2026-04-11 17:30:23  INFO     🗑️  Dossier vide supprimé : /home/papaours/Musique/Rihanna/What Now (Remixes Part 2)
2026-04-11 17:30:23  INFO     🗑️  Dossier vide supprimé : /home/papaours/Musique/Rihanna/Love On The Brain (Dance Remixes)
2026-04-11 17:30:23  INFO     🗑️  Dossier vide supprimé : /home/papaours/Musique/Rihanna/Lemon (feat. Drake) [Drake Remix]
2026-04-11 17:30:23  INFO     🗑️  Dossier vide supprimé : /home/papaours/Musique/Rihanna/Consideration (Dance Remixes)
2026-04-11 17:30:23  INFO     🗑️  Dossier vide supprimé : /home/papaours/Musique/Rihanna/Bitch Better Have My Money (GTA Remix)
2026-04-11 17:30:23  INFO     🗑️  Dossier vide supprimé : /home/papaours/Musique/Rihanna/Work (Remixes)
2026-04-11 17:30:23  INFO     🗑️  Dossier vide supprimé : /home/papaours/Musique/Rihanna/Unfaithful (Reavers Remix)
2026-04-11 17:30:23  INFO     🗑️  Dossier vide supprimé : /home/papaours/Musique/Rihanna/Sex With Me (Dance Remixes)
2026-04-11 17:30:23  INFO     🗑️  Dossier vide supprimé : /home/papaours/Musique/Rihanna/Princess of China
2026-04-11 17:30:23  INFO     🗑️  Dossier vide supprimé : /home/papaours/Musique/The Neighbourhood/Sweater Weather (Young Saab Remix)
2026-04-11 17:30:23  INFO     🗑️  Dossier vide supprimé : /home/papaours/Musique/Ava Max/Alone, Pt. II (Live at Château de Fontainebleau)
2026-04-11 17:30:23  INFO     🗑️  Dossier vide supprimé : /home/papaours/Musique/Ava Max/My Head & My Heart (Jonas Blue Extended Mix)
2026-04-11 17:30:23  INFO     🗑️  Dossier vide supprimé : /home/papaours/Musique/Ava Max/Make Up (feat. Ava Max) [Acoustic]
2026-04-11 17:30:23  INFO     🗑️  Dossier vide supprimé : /home/papaours/Musique/Ava Max/My Head & My Heart (Acoustic)
2026-04-11 17:30:23  INFO     🗑️  Dossier vide supprimé : /home/papaours/Musique/Ava Max/Car Keys (Ayla) [Remixes]
2026-04-11 17:30:23  INFO     🗑️  Dossier vide supprimé : /home/papaours/Musique/Ava Max/Million Dollar Baby (COASTR. Remix)
2026-04-11 17:30:23  INFO     🗑️  Dossier vide supprimé : /home/papaours/Musique/Ava Max/My Head & My Heart (Kastra Remix)
2026-04-11 17:30:23  INFO     🗑️  Dossier vide supprimé : /home/papaours/Musique/Ava Max/Kings & Queens (Acoustic)
2026-04-11 17:30:23  INFO     🗑️  Dossier vide supprimé : /home/papaours/Musique/Ava Max/Salt (The Remixes)
2026-04-11 17:30:23  INFO     🗑️  Dossier vide supprimé : /home/papaours/Musique/Ava Max/Alone, Pt. II (Remixes)
2026-04-11 17:30:23  INFO     🗑️  Dossier vide supprimé : /home/papaours/Musique/Ava Max/Maybe You’re The Problem (Crush Club Remix)
2026-04-11 17:30:23  INFO     🗑️  Dossier vide supprimé : /home/papaours/Musique/Ava Max/The Motto (Remixes)
2026-04-11 17:30:23  INFO     🗑️  Dossier vide supprimé : /home/papaours/Musique/Ava Max/Million Dollar Baby (Nathan Dawe Remix)
2026-04-11 17:30:23  INFO     🗑️  Dossier vide supprimé : /home/papaours/Musique/Ava Max/So Am I (Analog Acoustic)
2026-04-11 17:30:23  INFO     🗑️  Dossier vide supprimé : /home/papaours/Musique/Ava Max/My Head & My Heart (Claptone Extended Mix)
2026-04-11 17:30:23  INFO     🗑️  Dossier vide supprimé : /home/papaours/Musique/Ava Max/Sweet but Psycho (Acoustic)
2026-04-11 17:30:23  INFO     🗑️  Dossier vide supprimé : /home/papaours/Musique/Ava Max/Freaking Me Out (Ben Bakson Remix)
2026-04-11 17:30:23  INFO     🗑️  Dossier vide supprimé : /home/papaours/Musique/Ava Max/Who's Laughing Now (The Remixes)
2026-04-11 17:30:23  INFO     🗑️  Dossier vide supprimé : /home/papaours/Musique/Ava Max/My Head & My Heart (Jonas Blue Remix)
2026-04-11 17:30:23  INFO     🗑️  Dossier vide supprimé : /home/papaours/Musique/Ava Max/So Am I (Steve Void Extended Mix)
2026-04-11 17:30:23  INFO     🗑️  Dossier vide supprimé : /home/papaours/Musique/Ava Max/Salt (Acoustic)
2026-04-11 17:30:23  INFO     🗑️  Dossier vide supprimé : /home/papaours/Musique/Ava Max/EveryTime I Cry (Pink Panda Remix)
2026-04-11 17:30:23  INFO     🗑️  Dossier vide supprimé : /home/papaours/Musique/Ava Max/Kings & Queens (The Remixes)
2026-04-11 17:30:23  INFO     🗑️  Dossier vide supprimé : /home/papaours/Musique/Ava Max/EveryTime I Cry (R3HAB Remix)
2026-04-11 17:30:23  INFO     🗑️  Dossier vide supprimé : /home/papaours/Musique/Ava Max/So Am I (The Remixes)
2026-04-11 17:30:23  INFO     🗑️  Dossier vide supprimé : /home/papaours/Musique/Ava Max/Maybe You’re The Problem (Las Bibas From Vizcaya Remix)
2026-04-11 17:30:23  INFO     🗑️  Dossier vide supprimé : /home/papaours/Musique/Ava Max/Sweet but Psycho (The Remixes)
2026-04-11 17:30:23  INFO     🗑️  Dossier vide supprimé : /home/papaours/Musique/Ava Max/Maybe You’re The Problem (MOTi Remix)
2026-04-11 17:30:23  INFO     🗑️  Dossier vide supprimé : /home/papaours/Musique/Ava Max/Torn (Micky Friedmann Remix)
2026-04-11 17:30:23  INFO     🗑️  Dossier vide supprimé : /home/papaours/Musique/Ava Max/Ghost (Merk & Kremont Extended Remix)
2026-04-11 17:30:23  INFO     🗑️  Dossier vide supprimé : /home/papaours/Musique/Ava Max/Lost Your Faith (SONIKKU Remix)
2026-04-11 17:30:23  INFO     🗑️  Dossier vide supprimé : /home/papaours/Musique/Ava Max/Million Dollar Baby (David Penn Remix)
2026-04-11 17:30:23  INFO     🗑️  Dossier vide supprimé : /home/papaours/Musique/Ava Max/My Head & My Heart (Claptone Remix)
2026-04-11 17:30:23  INFO     ============================================================
2026-04-11 17:30:23  INFO     RAPPORT FINAL
2026-04-11 17:30:23  INFO       Fichiers trouvés      : 7625
2026-04-11 17:30:23  INFO       Supprimés (superflus) : 1668
2026-04-11 17:30:23  INFO       Fusionnés (album)     : 0
2026-04-11 17:30:23  INFO       Sans tag ALBUM        : 16
2026-04-11 17:30:23  INFO       Collisions ignorées   : 0
2026-04-11 17:30:23  INFO       Dossiers vides purgés : 352
2026-04-11 17:30:23  INFO       Erreurs               : 0
2026-04-11 17:30:23  INFO       Fichiers sans tag ALBUM :
2026-04-11 17:30:23  INFO         Bigflo & Oli/C'est qui ces deux-là - Bigflo & Oli.flac
2026-04-11 17:30:23  INFO         Bigflo & Oli/Comme d'hab - Bigflo & Oli.flac
2026-04-11 17:30:23  INFO         Bigflo & Oli/J'attends la vague - Bigflo & Oli.flac
2026-04-11 17:30:23  INFO         Bigflo & Oli/La cour des grands - Bigflo & Oli.flac
2026-04-11 17:30:23  INFO         Bigflo & Oli/La vie d’après - Bigflo & Oli.flac
2026-04-11 17:30:23  INFO         Bigflo & Oli/La vie d’après - Bigflo & Oli.m4a
2026-04-11 17:30:23  INFO         Bigflo & Oli/Le bouchon - Bigflo & Oli.flac
2026-04-11 17:30:23  INFO         Bigflo & Oli/Marco - Bigflo & Oli.flac
2026-04-11 17:30:23  INFO         Eminem/No Regrets (feat. Don Toliver) - Eminem, Don Toliver.flac
2026-04-11 17:30:23  INFO         The Weeknd/Big Sleep (feat. Giorgio Moroder) - The Weeknd, Giorgio Moroder.flac
2026-04-11 17:30:23  INFO         The Weeknd/D.D - The Weeknd.flac
2026-04-11 17:30:23  INFO         The Weeknd/Enjoy The Show (feat. Future) - The Weeknd, Future.flac
2026-04-11 17:30:23  INFO         The Weeknd/Give Me Mercy - The Weeknd.flac
2026-04-11 17:30:23  INFO         The Weeknd/I Feel It Coming - The Weeknd, Daft Punk.flac
2026-04-11 17:30:23  INFO         The Weeknd/My Sweet Lord - Troye Sivan.flac
2026-04-11 17:30:23  INFO         The Weeknd/Thursday - The Weeknd.flac
2026-04-11 17:30:23  INFO     ============================================================
